codedrug,parent
http://purl.obolibrary.org/obo/CHEBI_15765,http://purl.obolibrary.org/obo/CHEBI_49168
http://purl.obolibrary.org/obo/DRON_00010798,http://purl.obolibrary.org/obo/OBI_0000047
http://purl.obolibrary.org/obo/DRON_00017825,http://purl.obolibrary.org/obo/OBI_0000047
http://purl.obolibrary.org/obo/CHEBI_36588,http://purl.obolibrary.org/obo/CHEBI_36585
http://purl.obolibrary.org/obo/DRON_00018976,http://purl.obolibrary.org/obo/OBI_0000047
http://purl.obolibrary.org/obo/DRON_00012681,http://purl.obolibrary.org/obo/OBI_0000047
http://purl.obolibrary.org/obo/CHEBI_22563,http://purl.obolibrary.org/obo/CHEBI_24870
http://purl.obolibrary.org/obo/CHEBI_35505,http://purl.obolibrary.org/obo/CHEBI_35504
http://purl.obolibrary.org/obo/CHEBI_36587,http://purl.obolibrary.org/obo/CHEBI_50860
http://purl.obolibrary.org/obo/DRON_00017779,http://purl.obolibrary.org/obo/OBI_0000047
http://purl.obolibrary.org/obo/DRON_00014609,http://purl.obolibrary.org/obo/OBI_0000047
http://purl.obolibrary.org/obo/CHEBI_38530,http://purl.obolibrary.org/obo/CHEBI_27171
http://purl.obolibrary.org/obo/DRON_00012997,http://purl.obolibrary.org/obo/OBI_0000047
http://purl.obolibrary.org/obo/CHEBI_35504,http://purl.obolibrary.org/obo/CHEBI_37577
http://purl.obolibrary.org/obo/CHEBI_23213,http://purl.obolibrary.org/obo/CHEBI_35701
http://purl.obolibrary.org/obo/DRON_00015627,http://purl.obolibrary.org/obo/OBI_0000047
http://purl.obolibrary.org/obo/DRON_00017465,http://purl.obolibrary.org/obo/OBI_0000047
http://purl.obolibrary.org/obo/CHEBI_9449,http://purl.obolibrary.org/obo/CHEBI_25990
http://purl.obolibrary.org/obo/CHEBI_23044,http://purl.obolibrary.org/obo/CHEBI_26935
http://purl.obolibrary.org/obo/CHEBI_51721,http://purl.obolibrary.org/obo/CHEBI_17087
http://purl.obolibrary.org/obo/CHEBI_26935,http://purl.obolibrary.org/obo/CHEBI_26873
http://purl.obolibrary.org/obo/CHEBI_46848,http://purl.obolibrary.org/obo/CHEBI_26144
http://purl.obolibrary.org/obo/CHEBI_28177,http://purl.obolibrary.org/obo/CHEBI_23818
http://purl.obolibrary.org/obo/CHEBI_10033,http://purl.obolibrary.org/obo/CHEBI_38445
http://purl.obolibrary.org/obo/DRON_00020015,http://purl.obolibrary.org/obo/OBI_0000047
http://purl.obolibrary.org/obo/DRON_00018834,http://purl.obolibrary.org/obo/OBI_0000047
http://purl.obolibrary.org/obo/CHEBI_38418,http://purl.obolibrary.org/obo/CHEBI_48901
http://purl.obolibrary.org/obo/CHEBI_64459,http://purl.obolibrary.org/obo/CHEBI_36820
http://purl.obolibrary.org/obo/DRON_00016250,http://purl.obolibrary.org/obo/OBI_0000047
http://purl.obolibrary.org/obo/CHEBI_6809,http://purl.obolibrary.org/obo/CHEBI_35338
http://purl.obolibrary.org/obo/DRON_00020088,http://purl.obolibrary.org/obo/OBI_0000047
http://purl.obolibrary.org/obo/CHEBI_50275,http://purl.obolibrary.org/obo/CHEBI_22715
http://purl.obolibrary.org/obo/CHEBI_33839,http://purl.obolibrary.org/obo/CHEBI_36357
http://purl.obolibrary.org/obo/CHEBI_36841,http://purl.obolibrary.org/obo/CHEBI_35350
http://purl.obolibrary.org/obo/CHEBI_25384,http://purl.obolibrary.org/obo/CHEBI_33575
http://purl.obolibrary.org/obo/CHEBI_37395,http://purl.obolibrary.org/obo/CHEBI_18085
http://purl.obolibrary.org/obo/DRON_00020298,http://purl.obolibrary.org/obo/OBI_0000047
http://purl.obolibrary.org/obo/CHEBI_3992,http://purl.obolibrary.org/obo/CHEBI_17087
http://purl.obolibrary.org/obo/CHEBI_23424,http://purl.obolibrary.org/obo/CHEBI_35352
http://purl.obolibrary.org/obo/CHEBI_64365,http://purl.obolibrary.org/obo/CHEBI_50047
http://purl.obolibrary.org/obo/DRON_00015585,http://purl.obolibrary.org/obo/OBI_0000047
http://purl.obolibrary.org/obo/CHEBI_51959,http://purl.obolibrary.org/obo/CHEBI_51958
http://purl.obolibrary.org/obo/DRON_00017502,http://purl.obolibrary.org/obo/OBI_0000047
http://purl.obolibrary.org/obo/CHEBI_22645,http://purl.obolibrary.org/obo/CHEBI_29347
http://purl.obolibrary.org/obo/CHEBI_17087,http://purl.obolibrary.org/obo/CHEBI_36586
http://purl.obolibrary.org/obo/DRON_00014001,http://purl.obolibrary.org/obo/OBI_0000047
http://purl.obolibrary.org/obo/CHEBI_26820,http://purl.obolibrary.org/obo/CHEBI_37826
http://purl.obolibrary.org/obo/CHEBI_22712,http://purl.obolibrary.org/obo/CHEBI_33836
http://purl.obolibrary.org/obo/CHEBI_33318,http://purl.obolibrary.org/obo/CHEBI_33250
http://purl.obolibrary.org/obo/DRON_00017685,http://purl.obolibrary.org/obo/OBI_0000047
http://purl.obolibrary.org/obo/BFO_0000004,http://purl.obolibrary.org/obo/BFO_0000002
http://purl.obolibrary.org/obo/CHEBI_102166,http://purl.obolibrary.org/obo/CHEBI_22693
http://purl.obolibrary.org/obo/DRON_00019169,http://purl.obolibrary.org/obo/OBI_0000047
http://purl.obolibrary.org/obo/CHEBI_33597,http://purl.obolibrary.org/obo/CHEBI_33595
http://purl.obolibrary.org/obo/CHEBI_23229,http://purl.obolibrary.org/obo/CHEBI_23230
http://purl.obolibrary.org/obo/OBI_0000047,http://purl.obolibrary.org/obo/BFO_0000040
http://purl.obolibrary.org/obo/CHEBI_63609,http://purl.obolibrary.org/obo/CHEBI_60911
http://purl.obolibrary.org/obo/CHEBI_23230,http://purl.obolibrary.org/obo/CHEBI_38443
http://purl.obolibrary.org/obo/CHEBI_33909,http://purl.obolibrary.org/obo/CHEBI_36309
http://purl.obolibrary.org/obo/CHEBI_38337,http://purl.obolibrary.org/obo/CHEBI_39447
http://purl.obolibrary.org/obo/CHEBI_22702,http://purl.obolibrary.org/obo/CHEBI_22645
http://purl.obolibrary.org/obo/CHEBI_18379,http://purl.obolibrary.org/obo/CHEBI_23424
http://purl.obolibrary.org/obo/DRON_00020176,http://purl.obolibrary.org/obo/OBI_0000047
http://purl.obolibrary.org/obo/CHEBI_22160,http://purl.obolibrary.org/obo/CHEBI_29347
http://purl.obolibrary.org/obo/DRON_00011047,http://purl.obolibrary.org/obo/OBI_0000047
http://purl.obolibrary.org/obo/DRON_00020165,http://purl.obolibrary.org/obo/OBI_0000047
http://purl.obolibrary.org/obo/DRON_00016914,http://purl.obolibrary.org/obo/OBI_0000047
http://purl.obolibrary.org/obo/DRON_00010944,http://purl.obolibrary.org/obo/OBI_0000047
http://purl.obolibrary.org/obo/DRON_00017641,http://purl.obolibrary.org/obo/OBI_0000047
http://purl.obolibrary.org/obo/DRON_00017811,http://purl.obolibrary.org/obo/OBI_0000047
http://purl.obolibrary.org/obo/CHEBI_58953,http://purl.obolibrary.org/obo/CHEBI_28868
http://purl.obolibrary.org/obo/CHEBI_5118,http://purl.obolibrary.org/obo/CHEBI_33836
http://purl.obolibrary.org/obo/DRON_00012992,http://purl.obolibrary.org/obo/OBI_0000047
http://purl.obolibrary.org/obo/CHEBI_36589,http://purl.obolibrary.org/obo/CHEBI_36585
http://purl.obolibrary.org/obo/CHEBI_32952,http://purl.obolibrary.org/obo/CHEBI_50047
http://purl.obolibrary.org/obo/CHEBI_46920,http://purl.obolibrary.org/obo/CHEBI_46845
http://purl.obolibrary.org/obo/DRON_00016879,http://purl.obolibrary.org/obo/OBI_0000047
http://purl.obolibrary.org/obo/DRON_00017540,http://purl.obolibrary.org/obo/OBI_0000047
http://purl.obolibrary.org/obo/DRON_00017686,http://purl.obolibrary.org/obo/OBI_0000047
http://purl.obolibrary.org/obo/CHEBI_35506,http://purl.obolibrary.org/obo/CHEBI_35507
http://purl.obolibrary.org/obo/DRON_00723186,http://purl.obolibrary.org/obo/OBI_0000047
http://purl.obolibrary.org/obo/DRON_00016180,http://purl.obolibrary.org/obo/OBI_0000047
http://purl.obolibrary.org/obo/CHEBI_60004,http://purl.obolibrary.org/obo/CHEBI_59999
http://purl.obolibrary.org/obo/DRON_00016597,http://purl.obolibrary.org/obo/OBI_0000047
http://purl.obolibrary.org/obo/CHEBI_24866,http://purl.obolibrary.org/obo/CHEBI_37577
http://purl.obolibrary.org/obo/DRON_00011800,http://purl.obolibrary.org/obo/OBI_0000047
http://purl.obolibrary.org/obo/CHEBI_36853,http://purl.obolibrary.org/obo/CHEBI_35350
http://purl.obolibrary.org/obo/CHEBI_22506,http://purl.obolibrary.org/obo/CHEBI_18154
http://purl.obolibrary.org/obo/DRON_00010986,http://purl.obolibrary.org/obo/OBI_0000047
http://purl.obolibrary.org/obo/CHEBI_51336,http://purl.obolibrary.org/obo/CHEBI_24840
http://purl.obolibrary.org/obo/CHEBI_36820,http://purl.obolibrary.org/obo/CHEBI_33595
http://purl.obolibrary.org/obo/CHEBI_24396,http://purl.obolibrary.org/obo/CHEBI_16670
http://purl.obolibrary.org/obo/CHEBI_51323,http://purl.obolibrary.org/obo/CHEBI_26509
http://purl.obolibrary.org/obo/DRON_00723183,http://purl.obolibrary.org/obo/OBI_0000047
http://purl.obolibrary.org/obo/CHEBI_24745,http://purl.obolibrary.org/obo/CHEBI_26421
http://purl.obolibrary.org/obo/DRON_00018791,http://purl.obolibrary.org/obo/OBI_0000047
http://purl.obolibrary.org/obo/DRON_00017005,http://purl.obolibrary.org/obo/OBI_0000047
http://purl.obolibrary.org/obo/DRON_00015867,http://purl.obolibrary.org/obo/OBI_0000047
http://purl.obolibrary.org/obo/CHEBI_35855,http://purl.obolibrary.org/obo/CHEBI_46874
http://purl.obolibrary.org/obo/DRON_00019437,http://purl.obolibrary.org/obo/OBI_0000047
http://purl.obolibrary.org/obo/DRON_00016913,http://purl.obolibrary.org/obo/OBI_0000047
http://purl.obolibrary.org/obo/CHEBI_35788,http://purl.obolibrary.org/obo/CHEBI_35341
http://purl.obolibrary.org/obo/CHEBI_24833,http://purl.obolibrary.org/obo/CHEBI_24651
http://purl.obolibrary.org/obo/CHEBI_480999,http://purl.obolibrary.org/obo/CHEBI_27288
http://purl.obolibrary.org/obo/CHEBI_51269,http://purl.obolibrary.org/obo/CHEBI_33836
http://purl.obolibrary.org/obo/CHEBI_9667,http://purl.obolibrary.org/obo/CHEBI_50830
http://purl.obolibrary.org/obo/CHEBI_5779,http://purl.obolibrary.org/obo/CHEBI_38164
http://purl.obolibrary.org/obo/CHEBI_50994,http://purl.obolibrary.org/obo/CHEBI_50047
http://purl.obolibrary.org/obo/CHEBI_38443,http://purl.obolibrary.org/obo/CHEBI_22727
http://purl.obolibrary.org/obo/CHEBI_35854,http://purl.obolibrary.org/obo/CHEBI_35855
http://purl.obolibrary.org/obo/DRON_00020255,http://purl.obolibrary.org/obo/OBI_0000047
http://purl.obolibrary.org/obo/CHEBI_22729,http://purl.obolibrary.org/obo/CHEBI_36141
http://purl.obolibrary.org/obo/DRON_00019123,http://purl.obolibrary.org/obo/OBI_0000047
http://purl.obolibrary.org/obo/CHEBI_55429,http://purl.obolibrary.org/obo/CHEBI_38311
http://purl.obolibrary.org/obo/CHEBI_26835,http://purl.obolibrary.org/obo/CHEBI_33304
http://purl.obolibrary.org/obo/CHEBI_28838,http://purl.obolibrary.org/obo/CHEBI_23045
http://purl.obolibrary.org/obo/CHEBI_60979,http://purl.obolibrary.org/obo/CHEBI_24278
http://purl.obolibrary.org/obo/DRON_00020166,http://purl.obolibrary.org/obo/OBI_0000047
http://purl.obolibrary.org/obo/CHEBI_25375,http://purl.obolibrary.org/obo/CHEBI_63534
http://purl.obolibrary.org/obo/DRON_00016915,http://purl.obolibrary.org/obo/OBI_0000047
http://purl.obolibrary.org/obo/BFO_0000030,http://purl.obolibrary.org/obo/BFO_0000040
http://purl.obolibrary.org/obo/CHEBI_48416,http://purl.obolibrary.org/obo/CHEBI_48420
http://purl.obolibrary.org/obo/DRON_00019163,http://purl.obolibrary.org/obo/OBI_0000047
http://purl.obolibrary.org/obo/DRON_00020100,http://purl.obolibrary.org/obo/OBI_0000047
http://purl.obolibrary.org/obo/CHEBI_25340,http://purl.obolibrary.org/obo/CHEBI_26421
http://purl.obolibrary.org/obo/DRON_00020177,http://purl.obolibrary.org/obo/OBI_0000047
http://purl.obolibrary.org/obo/DRON_00014515,http://purl.obolibrary.org/obo/OBI_0000047
http://purl.obolibrary.org/obo/CHEBI_36819,http://purl.obolibrary.org/obo/CHEBI_35788
http://purl.obolibrary.org/obo/CHEBI_53291,http://purl.obolibrary.org/obo/CHEBI_38856
http://purl.obolibrary.org/obo/CHEBI_33635,http://purl.obolibrary.org/obo/CHEBI_33595
http://purl.obolibrary.org/obo/CHEBI_50265,http://purl.obolibrary.org/obo/CHEBI_50264
http://purl.obolibrary.org/obo/CHEBI_24271,http://purl.obolibrary.org/obo/CHEBI_24586
http://purl.obolibrary.org/obo/CHEBI_38856,http://purl.obolibrary.org/obo/CHEBI_33853
http://purl.obolibrary.org/obo/CHEBI_35533,http://purl.obolibrary.org/obo/CHEBI_22478
http://purl.obolibrary.org/obo/DRON_00013488,http://purl.obolibrary.org/obo/OBI_0000047
http://purl.obolibrary.org/obo/CHEBI_8093,http://purl.obolibrary.org/obo/CHEBI_25990
http://purl.obolibrary.org/obo/DRON_00018971,http://purl.obolibrary.org/obo/OBI_0000047
http://purl.obolibrary.org/obo/DRON_00723200,http://purl.obolibrary.org/obo/OBI_0000047
http://purl.obolibrary.org/obo/BFO_0000040,http://purl.obolibrary.org/obo/BFO_0000004
http://purl.obolibrary.org/obo/CHEBI_26764,http://purl.obolibrary.org/obo/CHEBI_35341
http://purl.obolibrary.org/obo/CHEBI_33250,http://purl.obolibrary.org/obo/CHEBI_24431
http://purl.obolibrary.org/obo/CHEBI_6532,http://purl.obolibrary.org/obo/CHEBI_26151
http://purl.obolibrary.org/obo/DRON_00018709,http://purl.obolibrary.org/obo/OBI_0000047
http://purl.obolibrary.org/obo/CHEBI_35346,http://purl.obolibrary.org/obo/CHEBI_36841
http://purl.obolibrary.org/obo/DRON_00010111,http://purl.obolibrary.org/obo/OBI_0000047
http://purl.obolibrary.org/obo/CHEBI_35313,http://purl.obolibrary.org/obo/CHEBI_24400
http://purl.obolibrary.org/obo/CHEBI_22625,http://purl.obolibrary.org/obo/CHEBI_23824
http://purl.obolibrary.org/obo/DRON_00015228,http://purl.obolibrary.org/obo/OBI_0000047
http://purl.obolibrary.org/obo/CHEBI_24662,http://purl.obolibrary.org/obo/CHEBI_25359
http://purl.obolibrary.org/obo/CHEBI_61313,http://purl.obolibrary.org/obo/CHEBI_35341
http://purl.obolibrary.org/obo/CHEBI_33636,http://purl.obolibrary.org/obo/CHEBI_33595
http://purl.obolibrary.org/obo/CHEBI_35972,http://purl.obolibrary.org/obo/CHEBI_35868
http://purl.obolibrary.org/obo/DRON_00017860,http://purl.obolibrary.org/obo/OBI_0000047
http://purl.obolibrary.org/obo/DRON_00016693,http://purl.obolibrary.org/obo/OBI_0000047
http://purl.obolibrary.org/obo/DRON_00020081,http://purl.obolibrary.org/obo/OBI_0000047
http://purl.obolibrary.org/obo/CHEBI_23232,http://purl.obolibrary.org/obo/CHEBI_38443
http://purl.obolibrary.org/obo/DRON_00012838,http://purl.obolibrary.org/obo/OBI_0000047
http://purl.obolibrary.org/obo/CHEBI_16389,http://purl.obolibrary.org/obo/CHEBI_22729
http://purl.obolibrary.org/obo/DRON_00013576,http://purl.obolibrary.org/obo/OBI_0000047
http://purl.obolibrary.org/obo/CHEBI_47622,http://purl.obolibrary.org/obo/CHEBI_33308
http://purl.obolibrary.org/obo/CHEBI_33552,http://purl.obolibrary.org/obo/CHEBI_33424
http://purl.obolibrary.org/obo/DRON_00018970,http://purl.obolibrary.org/obo/OBI_0000047
http://purl.obolibrary.org/obo/CHEBI_35176,http://purl.obolibrary.org/obo/CHEBI_51336
http://purl.obolibrary.org/obo/DRON_00015229,http://purl.obolibrary.org/obo/OBI_0000047
http://purl.obolibrary.org/obo/DRON_00018981,http://purl.obolibrary.org/obo/OBI_0000047
http://purl.obolibrary.org/obo/DRON_00016911,http://purl.obolibrary.org/obo/OBI_0000047
http://purl.obolibrary.org/obo/CHEBI_24533,http://purl.obolibrary.org/obo/CHEBI_23449
http://purl.obolibrary.org/obo/DRON_00019616,http://purl.obolibrary.org/obo/OBI_0000047
http://purl.obolibrary.org/obo/CHEBI_25903,http://purl.obolibrary.org/obo/CHEBI_16670
http://purl.obolibrary.org/obo/CHEBI_6824,http://purl.obolibrary.org/obo/CHEBI_33640
http://purl.obolibrary.org/obo/CHEBI_35175,http://purl.obolibrary.org/obo/CHEBI_26820
http://purl.obolibrary.org/obo/DRON_00012467,http://purl.obolibrary.org/obo/OBI_0000047
http://purl.obolibrary.org/obo/DRON_00012637,http://purl.obolibrary.org/obo/OBI_0000047
http://purl.obolibrary.org/obo/CHEBI_51475,http://purl.obolibrary.org/obo/CHEBI_24646
http://purl.obolibrary.org/obo/CHEBI_50729,http://purl.obolibrary.org/obo/CHEBI_37485
http://purl.obolibrary.org/obo/CHEBI_23443,http://purl.obolibrary.org/obo/CHEBI_32988
http://purl.obolibrary.org/obo/CHEBI_39447,http://purl.obolibrary.org/obo/CHEBI_38313
http://purl.obolibrary.org/obo/CHEBI_15854,http://purl.obolibrary.org/obo/CHEBI_51323
http://purl.obolibrary.org/obo/DRON_00020261,http://purl.obolibrary.org/obo/OBI_0000047
http://purl.obolibrary.org/obo/DRON_00016067,http://purl.obolibrary.org/obo/OBI_0000047
http://purl.obolibrary.org/obo/DRON_00018242,http://purl.obolibrary.org/obo/OBI_0000047
http://purl.obolibrary.org/obo/DRON_00011132,http://purl.obolibrary.org/obo/OBI_0000047
http://purl.obolibrary.org/obo/CHEBI_5138,http://purl.obolibrary.org/obo/CHEBI_36815
http://purl.obolibrary.org/obo/CHEBI_47788,http://purl.obolibrary.org/obo/CHEBI_35789
http://purl.obolibrary.org/obo/CHEBI_18059,http://purl.obolibrary.org/obo/CHEBI_50860
http://purl.obolibrary.org/obo/CHEBI_23824,http://purl.obolibrary.org/obo/CHEBI_33822
http://purl.obolibrary.org/obo/DRON_00017872,http://purl.obolibrary.org/obo/OBI_0000047
http://purl.obolibrary.org/obo/DRON_00730836,http://purl.obolibrary.org/obo/OBI_0000047
http://purl.obolibrary.org/obo/CHEBI_46761,http://purl.obolibrary.org/obo/CHEBI_25676
http://purl.obolibrary.org/obo/CHEBI_29347,http://purl.obolibrary.org/obo/CHEBI_37622
http://purl.obolibrary.org/obo/DRON_00018175,http://purl.obolibrary.org/obo/OBI_0000047
http://purl.obolibrary.org/obo/CHEBI_38179,http://purl.obolibrary.org/obo/CHEBI_33833
http://purl.obolibrary.org/obo/CHEBI_4470,http://purl.obolibrary.org/obo/CHEBI_25418
http://purl.obolibrary.org/obo/CHEBI_47787,http://purl.obolibrary.org/obo/CHEBI_35789
http://purl.obolibrary.org/obo/CHEBI_50996,http://purl.obolibrary.org/obo/CHEBI_50047
http://purl.obolibrary.org/obo/CHEBI_60911,http://purl.obolibrary.org/obo/CHEBI_60004
http://purl.obolibrary.org/obo/CHEBI_24431,http://purl.obolibrary.org/obo/BFO_0000040
http://purl.obolibrary.org/obo/CHEBI_24780,http://purl.obolibrary.org/obo/CHEBI_23677
http://purl.obolibrary.org/obo/CHEBI_8024,http://purl.obolibrary.org/obo/CHEBI_46668
http://purl.obolibrary.org/obo/DRON_00018758,http://purl.obolibrary.org/obo/OBI_0000047
http://purl.obolibrary.org/obo/CHEBI_22315,http://purl.obolibrary.org/obo/CHEBI_35352
http://purl.obolibrary.org/obo/CHEBI_35293,http://purl.obolibrary.org/obo/CHEBI_33635
http://purl.obolibrary.org/obo/CHEBI_36688,http://purl.obolibrary.org/obo/CHEBI_33671
http://purl.obolibrary.org/obo/CHEBI_6807,http://purl.obolibrary.org/obo/CHEBI_32876
http://purl.obolibrary.org/obo/DRON_00016225,http://purl.obolibrary.org/obo/OBI_0000047
http://purl.obolibrary.org/obo/CHEBI_50995,http://purl.obolibrary.org/obo/CHEBI_50047
http://purl.obolibrary.org/obo/DRON_00017004,http://purl.obolibrary.org/obo/OBI_0000047
http://purl.obolibrary.org/obo/CHEBI_22327,http://purl.obolibrary.org/obo/CHEBI_16385
http://purl.obolibrary.org/obo/DRON_00730827,http://purl.obolibrary.org/obo/OBI_0000047
http://purl.obolibrary.org/obo/DRON_00018241,http://purl.obolibrary.org/obo/OBI_0000047
http://purl.obolibrary.org/obo/CHEBI_33637,http://purl.obolibrary.org/obo/CHEBI_35293
http://purl.obolibrary.org/obo/CHEBI_3561,http://purl.obolibrary.org/obo/CHEBI_25384
http://purl.obolibrary.org/obo/DRON_00012655,http://purl.obolibrary.org/obo/OBI_0000047
http://purl.obolibrary.org/obo/CHEBI_36585,http://purl.obolibrary.org/obo/CHEBI_36586
http://purl.obolibrary.org/obo/DRON_00014712,http://purl.obolibrary.org/obo/OBI_0000047
http://purl.obolibrary.org/obo/CHEBI_63534,http://purl.obolibrary.org/obo/CHEBI_64365
http://purl.obolibrary.org/obo/DRON_00012887,http://purl.obolibrary.org/obo/OBI_0000047
http://purl.obolibrary.org/obo/DRON_00730847,http://purl.obolibrary.org/obo/OBI_0000047
http://purl.obolibrary.org/obo/CHEBI_24261,http://purl.obolibrary.org/obo/CHEBI_36699
http://purl.obolibrary.org/obo/DRON_00010354,http://purl.obolibrary.org/obo/OBI_0000047
http://purl.obolibrary.org/obo/CHEBI_33521,http://purl.obolibrary.org/obo/CHEBI_33250
http://purl.obolibrary.org/obo/CHEBI_31577,http://purl.obolibrary.org/obo/CHEBI_50047
http://purl.obolibrary.org/obo/CHEBI_33913,http://purl.obolibrary.org/obo/CHEBI_36309
http://purl.obolibrary.org/obo/DRON_00020129,http://purl.obolibrary.org/obo/OBI_0000047
http://purl.obolibrary.org/obo/CHEBI_51143,http://purl.obolibrary.org/obo/CHEBI_33302
http://purl.obolibrary.org/obo/DRON_00018251,http://purl.obolibrary.org/obo/OBI_0000047
http://purl.obolibrary.org/obo/CHEBI_24471,http://purl.obolibrary.org/obo/CHEBI_33675
http://purl.obolibrary.org/obo/DRON_00730826,http://purl.obolibrary.org/obo/OBI_0000047
http://purl.obolibrary.org/obo/DRON_00018678,http://purl.obolibrary.org/obo/OBI_0000047
http://purl.obolibrary.org/obo/DRON_00019170,http://purl.obolibrary.org/obo/OBI_0000047
http://purl.obolibrary.org/obo/CHEBI_26216,http://purl.obolibrary.org/obo/CHEBI_22314
http://purl.obolibrary.org/obo/CHEBI_24470,http://purl.obolibrary.org/obo/CHEBI_25359
http://purl.obolibrary.org/obo/CHEBI_18243,http://purl.obolibrary.org/obo/CHEBI_33567
http://purl.obolibrary.org/obo/CHEBI_38180,http://purl.obolibrary.org/obo/CHEBI_33833
http://purl.obolibrary.org/obo/CHEBI_46845,http://purl.obolibrary.org/obo/CHEBI_26144
http://purl.obolibrary.org/obo/DRON_00011638,http://purl.obolibrary.org/obo/OBI_0000047
http://purl.obolibrary.org/obo/CHEBI_25481,http://purl.obolibrary.org/obo/CHEBI_36141
http://purl.obolibrary.org/obo/DRON_00018759,http://purl.obolibrary.org/obo/OBI_0000047
http://purl.obolibrary.org/obo/DRON_00014319,http://purl.obolibrary.org/obo/OBI_0000047
http://purl.obolibrary.org/obo/CHEBI_23089,http://purl.obolibrary.org/obo/CHEBI_25903
http://purl.obolibrary.org/obo/CHEBI_24828,http://purl.obolibrary.org/obo/CHEBI_22728
http://purl.obolibrary.org/obo/CHEBI_36815,http://purl.obolibrary.org/obo/CHEBI_36816
http://purl.obolibrary.org/obo/DRON_00018948,http://purl.obolibrary.org/obo/OBI_0000047
http://purl.obolibrary.org/obo/DRON_00020128,http://purl.obolibrary.org/obo/OBI_0000047
http://purl.obolibrary.org/obo/DRON_00018586,http://purl.obolibrary.org/obo/OBI_0000047
http://purl.obolibrary.org/obo/DRON_00018756,http://purl.obolibrary.org/obo/OBI_0000047
http://purl.obolibrary.org/obo/CHEBI_38830,http://purl.obolibrary.org/obo/CHEBI_35259
http://purl.obolibrary.org/obo/DRON_00020139,http://purl.obolibrary.org/obo/OBI_0000047
http://purl.obolibrary.org/obo/CHEBI_24436,http://purl.obolibrary.org/obo/CHEBI_32952
http://purl.obolibrary.org/obo/DRON_00017616,http://purl.obolibrary.org/obo/OBI_0000047
http://purl.obolibrary.org/obo/CHEBI_37826,http://purl.obolibrary.org/obo/CHEBI_33424
http://purl.obolibrary.org/obo/DRON_00012653,http://purl.obolibrary.org/obo/OBI_0000047
http://purl.obolibrary.org/obo/DRON_00723864,http://purl.obolibrary.org/obo/OBI_0000047
http://purl.obolibrary.org/obo/DRON_00014650,http://purl.obolibrary.org/obo/OBI_0000047
http://purl.obolibrary.org/obo/CHEBI_36838,http://purl.obolibrary.org/obo/CHEBI_35350
http://purl.obolibrary.org/obo/DRON_00016223,http://purl.obolibrary.org/obo/OBI_0000047
http://purl.obolibrary.org/obo/CHEBI_3048,http://purl.obolibrary.org/obo/CHEBI_50996
http://purl.obolibrary.org/obo/CHEBI_35342,http://purl.obolibrary.org/obo/CHEBI_36838
http://purl.obolibrary.org/obo/BFO_0000002,http://purl.obolibrary.org/obo/BFO_0000001
http://purl.obolibrary.org/obo/CHEBI_24646,http://purl.obolibrary.org/obo/CHEBI_33570
http://purl.obolibrary.org/obo/CHEBI_27786,http://purl.obolibrary.org/obo/CHEBI_23334
http://purl.obolibrary.org/obo/CHEBI_37445,http://purl.obolibrary.org/obo/CHEBI_26375
http://purl.obolibrary.org/obo/CHEBI_39437,http://purl.obolibrary.org/obo/CHEBI_23229
http://purl.obolibrary.org/obo/DRON_00018039,http://purl.obolibrary.org/obo/OBI_0000047
http://purl.obolibrary.org/obo/CHEBI_33304,http://purl.obolibrary.org/obo/CHEBI_33675
http://purl.obolibrary.org/obo/DRON_00018685,http://purl.obolibrary.org/obo/OBI_0000047
http://purl.obolibrary.org/obo/CHEBI_33675,http://purl.obolibrary.org/obo/CHEBI_33579
http://purl.obolibrary.org/obo/DRON_00015388,http://purl.obolibrary.org/obo/OBI_0000047
http://purl.obolibrary.org/obo/DRON_00014129,http://purl.obolibrary.org/obo/OBI_0000047
http://purl.obolibrary.org/obo/BFO_0000001,http://www.w3.org/2002/07/owl#Thing
http://purl.obolibrary.org/obo/DRON_00010699,http://purl.obolibrary.org/obo/OBI_0000047
http://purl.obolibrary.org/obo/CHEBI_474053,http://purl.obolibrary.org/obo/CHEBI_23066
http://purl.obolibrary.org/obo/DRON_00018947,http://purl.obolibrary.org/obo/OBI_0000047
http://purl.obolibrary.org/obo/CHEBI_35627,http://purl.obolibrary.org/obo/CHEBI_24995
http://purl.obolibrary.org/obo/CHEBI_27300,http://purl.obolibrary.org/obo/CHEBI_36853
http://purl.obolibrary.org/obo/CHEBI_26401,http://purl.obolibrary.org/obo/CHEBI_35875
http://purl.obolibrary.org/obo/CHEBI_33234,http://purl.obolibrary.org/obo/CHEBI_23229
http://purl.obolibrary.org/obo/DRON_00015230,http://purl.obolibrary.org/obo/OBI_0000047
http://purl.obolibrary.org/obo/DRON_00723863,http://purl.obolibrary.org/obo/OBI_0000047
http://purl.obolibrary.org/obo/CHEBI_28384,http://purl.obolibrary.org/obo/CHEBI_25481
http://purl.obolibrary.org/obo/CHEBI_24278,http://purl.obolibrary.org/obo/CHEBI_35313
http://purl.obolibrary.org/obo/CHEBI_35990,http://purl.obolibrary.org/obo/CHEBI_33635
http://purl.obolibrary.org/obo/DRON_00013033,http://purl.obolibrary.org/obo/OBI_0000047
http://purl.obolibrary.org/obo/CHEBI_33676,http://purl.obolibrary.org/obo/CHEBI_33497
http://purl.obolibrary.org/obo/CHEBI_18085,http://purl.obolibrary.org/obo/CHEBI_22506
http://purl.obolibrary.org/obo/CHEBI_32988,http://purl.obolibrary.org/obo/CHEBI_51143
http://purl.obolibrary.org/obo/DRON_00016928,http://purl.obolibrary.org/obo/OBI_0000047
http://purl.obolibrary.org/obo/DRON_00019228,http://purl.obolibrary.org/obo/OBI_0000047
http://purl.obolibrary.org/obo/DRON_00017836,http://purl.obolibrary.org/obo/OBI_0000047
http://purl.obolibrary.org/obo/CHEBI_33559,http://purl.obolibrary.org/obo/CHEBI_33250
http://purl.obolibrary.org/obo/CHEBI_17698,http://purl.obolibrary.org/obo/CHEBI_36683
http://purl.obolibrary.org/obo/CHEBI_33595,http://purl.obolibrary.org/obo/CHEBI_36357
http://purl.obolibrary.org/obo/DRON_00730832,http://purl.obolibrary.org/obo/OBI_0000047
http://purl.obolibrary.org/obo/CHEBI_33582,http://purl.obolibrary.org/obo/CHEBI_33675
http://purl.obolibrary.org/obo/CHEBI_37577,http://purl.obolibrary.org/obo/CHEBI_36357
http://purl.obolibrary.org/obo/CHEBI_10125,http://purl.obolibrary.org/obo/CHEBI_46908
http://purl.obolibrary.org/obo/DRON_00010351,http://purl.obolibrary.org/obo/OBI_0000047
http://purl.obolibrary.org/obo/CHEBI_24586,http://purl.obolibrary.org/obo/CHEBI_60926
http://purl.obolibrary.org/obo/CHEBI_27162,http://purl.obolibrary.org/obo/CHEBI_24828
http://purl.obolibrary.org/obo/CHEBI_23045,http://purl.obolibrary.org/obo/CHEBI_27325
http://purl.obolibrary.org/obo/CHEBI_41774,http://purl.obolibrary.org/obo/CHEBI_50996
http://purl.obolibrary.org/obo/CHEBI_2634,http://purl.obolibrary.org/obo/CHEBI_51143
http://purl.obolibrary.org/obo/DRON_00016919,http://purl.obolibrary.org/obo/OBI_0000047
http://purl.obolibrary.org/obo/CHEBI_33256,http://purl.obolibrary.org/obo/CHEBI_32988
http://purl.obolibrary.org/obo/CHEBI_36181,http://purl.obolibrary.org/obo/CHEBI_33308
http://purl.obolibrary.org/obo/CHEBI_37485,http://purl.obolibrary.org/obo/CHEBI_22580
http://purl.obolibrary.org/obo/DRON_00011281,http://purl.obolibrary.org/obo/OBI_0000047
http://purl.obolibrary.org/obo/CHEBI_28300,http://purl.obolibrary.org/obo/CHEBI_33704
http://purl.obolibrary.org/obo/CHEBI_25990,http://purl.obolibrary.org/obo/CHEBI_23981
http://purl.obolibrary.org/obo/CHEBI_23066,http://purl.obolibrary.org/obo/CHEBI_38311
http://purl.obolibrary.org/obo/DRON_00730823,http://purl.obolibrary.org/obo/OBI_0000047
http://purl.obolibrary.org/obo/DRON_00017749,http://purl.obolibrary.org/obo/OBI_0000047
http://purl.obolibrary.org/obo/CHEBI_47882,http://purl.obolibrary.org/obo/CHEBI_38077
http://purl.obolibrary.org/obo/CHEBI_38831,http://purl.obolibrary.org/obo/CHEBI_35259
http://purl.obolibrary.org/obo/DRON_00012886,http://purl.obolibrary.org/obo/OBI_0000047
http://purl.obolibrary.org/obo/CHEBI_38196,http://purl.obolibrary.org/obo/CHEBI_26421
http://purl.obolibrary.org/obo/CHEBI_49168,http://purl.obolibrary.org/obo/CHEBI_24734
http://purl.obolibrary.org/obo/DRON_00723861,http://purl.obolibrary.org/obo/OBI_0000047
http://purl.obolibrary.org/obo/CHEBI_55373,http://purl.obolibrary.org/obo/CHEBI_35790
http://purl.obolibrary.org/obo/DRON_00016421,http://purl.obolibrary.org/obo/OBI_0000047
http://purl.obolibrary.org/obo/CHEBI_63299,http://purl.obolibrary.org/obo/CHEBI_36963
http://purl.obolibrary.org/obo/CHEBI_49322,http://purl.obolibrary.org/obo/CHEBI_48120
http://purl.obolibrary.org/obo/DRON_00020099,http://purl.obolibrary.org/obo/OBI_0000047
http://purl.obolibrary.org/obo/CHEBI_52010,http://purl.obolibrary.org/obo/CHEBI_26421
http://purl.obolibrary.org/obo/CHEBI_26822,http://purl.obolibrary.org/obo/CHEBI_26835
http://purl.obolibrary.org/obo/DRON_00018683,http://purl.obolibrary.org/obo/OBI_0000047
http://purl.obolibrary.org/obo/CHEBI_23449,http://purl.obolibrary.org/obo/CHEBI_16670
http://purl.obolibrary.org/obo/DRON_00013305,http://purl.obolibrary.org/obo/OBI_0000047
http://purl.obolibrary.org/obo/DRON_00011913,http://purl.obolibrary.org/obo/OBI_0000047
http://purl.obolibrary.org/obo/CHEBI_35436,http://purl.obolibrary.org/obo/CHEBI_24278
http://purl.obolibrary.org/obo/DRON_00730842,http://purl.obolibrary.org/obo/OBI_0000047
http://purl.obolibrary.org/obo/CHEBI_23818,http://purl.obolibrary.org/obo/CHEBI_25348
http://purl.obolibrary.org/obo/CHEBI_28445,http://purl.obolibrary.org/obo/CHEBI_27288
http://purl.obolibrary.org/obo/DRON_00019864,http://purl.obolibrary.org/obo/OBI_0000047
http://purl.obolibrary.org/obo/CHEBI_26082,http://purl.obolibrary.org/obo/CHEBI_33302
http://purl.obolibrary.org/obo/CHEBI_102524,http://purl.obolibrary.org/obo/CHEBI_22693
http://purl.obolibrary.org/obo/DRON_00013023,http://purl.obolibrary.org/obo/OBI_0000047
http://purl.obolibrary.org/obo/DRON_00015231,http://purl.obolibrary.org/obo/OBI_0000047
http://purl.obolibrary.org/obo/DRON_00010490,http://purl.obolibrary.org/obo/OBI_0000047
http://purl.obolibrary.org/obo/DRON_00015799,http://purl.obolibrary.org/obo/OBI_0000047
http://purl.obolibrary.org/obo/CHEBI_38093,http://purl.obolibrary.org/obo/CHEBI_26979
http://purl.obolibrary.org/obo/DRON_00019004,http://purl.obolibrary.org/obo/OBI_0000047
http://purl.obolibrary.org/obo/CHEBI_27013,http://purl.obolibrary.org/obo/CHEBI_39437
http://purl.obolibrary.org/obo/CHEBI_33296,http://purl.obolibrary.org/obo/CHEBI_33674
http://purl.obolibrary.org/obo/CHEBI_35701,http://purl.obolibrary.org/obo/CHEBI_50860
http://purl.obolibrary.org/obo/CHEBI_33285,http://purl.obolibrary.org/obo/CHEBI_50860
http://purl.obolibrary.org/obo/CHEBI_28304,http://purl.obolibrary.org/obo/CHEBI_24505
http://purl.obolibrary.org/obo/CHEBI_36816,http://purl.obolibrary.org/obo/CHEBI_25698
http://purl.obolibrary.org/obo/DRON_00010804,http://purl.obolibrary.org/obo/OBI_0000047
http://purl.obolibrary.org/obo/CHEBI_35344,http://purl.obolibrary.org/obo/CHEBI_35350
http://purl.obolibrary.org/obo/DRON_00019225,http://purl.obolibrary.org/obo/OBI_0000047
http://purl.obolibrary.org/obo/CHEBI_26069,http://purl.obolibrary.org/obo/CHEBI_36360
http://purl.obolibrary.org/obo/CHEBI_35757,http://purl.obolibrary.org/obo/CHEBI_29067
http://purl.obolibrary.org/obo/CHEBI_33608,http://purl.obolibrary.org/obo/CHEBI_33674
http://purl.obolibrary.org/obo/CHEBI_25348,http://purl.obolibrary.org/obo/CHEBI_26385
http://purl.obolibrary.org/obo/CHEBI_28001,http://purl.obolibrary.org/obo/CHEBI_24395
http://purl.obolibrary.org/obo/CHEBI_25359,http://purl.obolibrary.org/obo/CHEBI_33709
http://purl.obolibrary.org/obo/CHEBI_35343,http://purl.obolibrary.org/obo/CHEBI_36838
http://purl.obolibrary.org/obo/CHEBI_50830,http://purl.obolibrary.org/obo/CHEBI_35341
http://purl.obolibrary.org/obo/DRON_00018671,http://purl.obolibrary.org/obo/OBI_0000047
http://purl.obolibrary.org/obo/DRON_00018841,http://purl.obolibrary.org/obo/OBI_0000047
http://purl.obolibrary.org/obo/CHEBI_23390,http://purl.obolibrary.org/obo/CHEBI_33906
http://purl.obolibrary.org/obo/CHEBI_33599,http://purl.obolibrary.org/obo/CHEBI_33635
http://purl.obolibrary.org/obo/CHEBI_33655,http://purl.obolibrary.org/obo/CHEBI_33595
http://purl.obolibrary.org/obo/CHEBI_23636,http://purl.obolibrary.org/obo/CHEBI_33838
http://purl.obolibrary.org/obo/CHEBI_23334,http://purl.obolibrary.org/obo/CHEBI_23341
http://purl.obolibrary.org/obo/DRON_00017763,http://purl.obolibrary.org/obo/OBI_0000047
http://purl.obolibrary.org/obo/CHEBI_28963,http://purl.obolibrary.org/obo/CHEBI_63299
http://purl.obolibrary.org/obo/CHEBI_47956,http://purl.obolibrary.org/obo/CHEBI_33256
http://purl.obolibrary.org/obo/DRON_00020132,http://purl.obolibrary.org/obo/OBI_0000047
http://purl.obolibrary.org/obo/CHEBI_23981,http://purl.obolibrary.org/obo/CHEBI_22478
http://purl.obolibrary.org/obo/CHEBI_24531,http://purl.obolibrary.org/obo/CHEBI_24532
http://purl.obolibrary.org/obo/CHEBI_36243,http://purl.obolibrary.org/obo/CHEBI_33308
http://purl.obolibrary.org/obo/CHEBI_50471,http://purl.obolibrary.org/obo/CHEBI_32877
http://purl.obolibrary.org/obo/CHEBI_37622,http://purl.obolibrary.org/obo/CHEBI_33256
http://purl.obolibrary.org/obo/DRON_00016924,http://purl.obolibrary.org/obo/OBI_0000047
http://purl.obolibrary.org/obo/DRON_00015735,http://purl.obolibrary.org/obo/OBI_0000047
http://purl.obolibrary.org/obo/CHEBI_33888,http://purl.obolibrary.org/obo/CHEBI_33767
http://purl.obolibrary.org/obo/CHEBI_8232,http://purl.obolibrary.org/obo/CHEBI_17334
http://purl.obolibrary.org/obo/CHEBI_35507,http://purl.obolibrary.org/obo/CHEBI_33245
http://purl.obolibrary.org/obo/CHEBI_47804,http://purl.obolibrary.org/obo/CHEBI_26979
http://purl.obolibrary.org/obo/DRON_00012892,http://purl.obolibrary.org/obo/OBI_0000047
http://purl.obolibrary.org/obo/CHEBI_24669,http://purl.obolibrary.org/obo/CHEBI_33575
http://purl.obolibrary.org/obo/DRON_00020042,http://purl.obolibrary.org/obo/OBI_0000047
http://purl.obolibrary.org/obo/CHEBI_36809,http://purl.obolibrary.org/obo/CHEBI_51959
http://purl.obolibrary.org/obo/DRON_00020188,http://purl.obolibrary.org/obo/OBI_0000047
http://purl.obolibrary.org/obo/CHEBI_5417,http://purl.obolibrary.org/obo/CHEBI_24271
http://purl.obolibrary.org/obo/DRON_00012972,http://purl.obolibrary.org/obo/OBI_0000047
http://purl.obolibrary.org/obo/CHEBI_26188,http://purl.obolibrary.org/obo/CHEBI_17087
http://purl.obolibrary.org/obo/DRON_00014175,http://purl.obolibrary.org/obo/OBI_0000047
http://purl.obolibrary.org/obo/CHEBI_3181,http://purl.obolibrary.org/obo/CHEBI_38958
http://purl.obolibrary.org/obo/CHEBI_26961,http://purl.obolibrary.org/obo/CHEBI_38106
http://purl.obolibrary.org/obo/CHEBI_38164,http://purl.obolibrary.org/obo/CHEBI_38166
http://purl.obolibrary.org/obo/DRON_00020315,http://purl.obolibrary.org/obo/OBI_0000047
http://purl.obolibrary.org/obo/CHEBI_46874,http://purl.obolibrary.org/obo/CHEBI_33308
http://purl.obolibrary.org/obo/DRON_00018591,http://purl.obolibrary.org/obo/OBI_0000047
http://purl.obolibrary.org/obo/CHEBI_24868,http://purl.obolibrary.org/obo/CHEBI_24866
http://purl.obolibrary.org/obo/DRON_00013638,http://purl.obolibrary.org/obo/OBI_0000047
http://purl.obolibrary.org/obo/CHEBI_24062,http://purl.obolibrary.org/obo/CHEBI_24471
http://purl.obolibrary.org/obo/CHEBI_60654,http://purl.obolibrary.org/obo/CHEBI_58956
http://purl.obolibrary.org/obo/DRON_00017037,http://purl.obolibrary.org/obo/OBI_0000047
http://purl.obolibrary.org/obo/DRON_00012179,http://purl.obolibrary.org/obo/OBI_0000047
http://purl.obolibrary.org/obo/CHEBI_25418,http://purl.obolibrary.org/obo/CHEBI_24921
http://purl.obolibrary.org/obo/CHEBI_7809,http://purl.obolibrary.org/obo/CHEBI_17334
http://purl.obolibrary.org/obo/DRON_00017492,http://purl.obolibrary.org/obo/OBI_0000047
http://purl.obolibrary.org/obo/DRON_00011910,http://purl.obolibrary.org/obo/OBI_0000047
http://purl.obolibrary.org/obo/CHEBI_6801,http://purl.obolibrary.org/obo/CHEBI_24436
http://purl.obolibrary.org/obo/CHEBI_36360,http://purl.obolibrary.org/obo/CHEBI_26082
http://purl.obolibrary.org/obo/DRON_00020314,http://purl.obolibrary.org/obo/OBI_0000047
http://purl.obolibrary.org/obo/CHEBI_36786,http://purl.obolibrary.org/obo/CHEBI_36785
http://purl.obolibrary.org/obo/DRON_00017834,http://purl.obolibrary.org/obo/OBI_0000047
http://purl.obolibrary.org/obo/CHEBI_33240,http://purl.obolibrary.org/obo/CHEBI_37577
http://purl.obolibrary.org/obo/CHEBI_26375,http://purl.obolibrary.org/obo/CHEBI_26373
http://purl.obolibrary.org/obo/CHEBI_17334,http://purl.obolibrary.org/obo/CHEBI_25865
http://purl.obolibrary.org/obo/CHEBI_58955,http://purl.obolibrary.org/obo/CHEBI_28868
http://purl.obolibrary.org/obo/DRON_00016922,http://purl.obolibrary.org/obo/OBI_0000047
http://purl.obolibrary.org/obo/CHEBI_36357,http://purl.obolibrary.org/obo/CHEBI_23367
http://purl.obolibrary.org/obo/CHEBI_27306,http://purl.obolibrary.org/obo/CHEBI_26421
http://purl.obolibrary.org/obo/DRON_00017098,http://purl.obolibrary.org/obo/OBI_0000047
http://purl.obolibrary.org/obo/DRON_00014412,http://purl.obolibrary.org/obo/OBI_0000047
http://purl.obolibrary.org/obo/CHEBI_35681,http://purl.obolibrary.org/obo/CHEBI_30879
http://purl.obolibrary.org/obo/DRON_00015692,http://purl.obolibrary.org/obo/OBI_0000047
http://purl.obolibrary.org/obo/DRON_00015249,http://purl.obolibrary.org/obo/OBI_0000047
http://purl.obolibrary.org/obo/CHEBI_33241,http://purl.obolibrary.org/obo/CHEBI_37577
http://purl.obolibrary.org/obo/DRON_00020192,http://purl.obolibrary.org/obo/OBI_0000047
http://purl.obolibrary.org/obo/DRON_00019465,http://purl.obolibrary.org/obo/OBI_0000047
http://purl.obolibrary.org/obo/DRON_00019230,http://purl.obolibrary.org/obo/OBI_0000047
http://purl.obolibrary.org/obo/CHEBI_50858,http://purl.obolibrary.org/obo/CHEBI_35341
http://purl.obolibrary.org/obo/CHEBI_33566,http://purl.obolibrary.org/obo/CHEBI_33570
http://purl.obolibrary.org/obo/DRON_00015922,http://purl.obolibrary.org/obo/OBI_0000047
http://purl.obolibrary.org/obo/CHEBI_2637,http://purl.obolibrary.org/obo/CHEBI_22390
http://purl.obolibrary.org/obo/DRON_00013598,http://purl.obolibrary.org/obo/OBI_0000047
http://purl.obolibrary.org/obo/DRON_00730819,http://purl.obolibrary.org/obo/OBI_0000047
http://purl.obolibrary.org/obo/DRON_00016025,http://purl.obolibrary.org/obo/OBI_0000047
http://purl.obolibrary.org/obo/CHEBI_36916,http://purl.obolibrary.org/obo/CHEBI_24870
http://purl.obolibrary.org/obo/DRON_00014170,http://purl.obolibrary.org/obo/OBI_0000047
http://purl.obolibrary.org/obo/CHEBI_63161,http://purl.obolibrary.org/obo/CHEBI_63299
http://purl.obolibrary.org/obo/CHEBI_33832,http://purl.obolibrary.org/obo/CHEBI_50860
http://purl.obolibrary.org/obo/DRON_00019221,http://purl.obolibrary.org/obo/OBI_0000047
http://purl.obolibrary.org/obo/DRON_00020050,http://purl.obolibrary.org/obo/OBI_0000047
http://purl.obolibrary.org/obo/DRON_00020093,http://purl.obolibrary.org/obo/OBI_0000047
http://purl.obolibrary.org/obo/CHEBI_23117,http://purl.obolibrary.org/obo/CHEBI_24471
http://purl.obolibrary.org/obo/CHEBI_209807,http://purl.obolibrary.org/obo/CHEBI_55429
http://purl.obolibrary.org/obo/CHEBI_24870,http://purl.obolibrary.org/obo/CHEBI_23367
http://purl.obolibrary.org/obo/DRON_00016886,http://purl.obolibrary.org/obo/OBI_0000047
http://purl.obolibrary.org/obo/CHEBI_26873,http://purl.obolibrary.org/obo/CHEBI_24913
http://purl.obolibrary.org/obo/CHEBI_25985,http://purl.obolibrary.org/obo/CHEBI_25359
http://purl.obolibrary.org/obo/CHEBI_36244,http://purl.obolibrary.org/obo/CHEBI_33308
http://purl.obolibrary.org/obo/DRON_00016651,http://purl.obolibrary.org/obo/OBI_0000047
http://purl.obolibrary.org/obo/CHEBI_37175,http://purl.obolibrary.org/obo/CHEBI_33692
http://purl.obolibrary.org/obo/CHEBI_33704,http://purl.obolibrary.org/obo/CHEBI_33709
http://purl.obolibrary.org/obo/CHEBI_33853,http://purl.obolibrary.org/obo/CHEBI_33822
http://purl.obolibrary.org/obo/DRON_00020286,http://purl.obolibrary.org/obo/OBI_0000047
http://purl.obolibrary.org/obo/DRON_00019154,http://purl.obolibrary.org/obo/OBI_0000047
http://purl.obolibrary.org/obo/CHEBI_33497,http://purl.obolibrary.org/obo/CHEBI_23367
http://purl.obolibrary.org/obo/CHEBI_26513,http://purl.obolibrary.org/obo/CHEBI_27171
http://purl.obolibrary.org/obo/DRON_00723857,http://purl.obolibrary.org/obo/OBI_0000047
http://purl.obolibrary.org/obo/CHEBI_46786,http://purl.obolibrary.org/obo/CHEBI_25698
http://purl.obolibrary.org/obo/DRON_00020282,http://purl.obolibrary.org/obo/OBI_0000047
http://purl.obolibrary.org/obo/DRON_00020009,http://purl.obolibrary.org/obo/OBI_0000047
http://purl.obolibrary.org/obo/DRON_00011110,http://purl.obolibrary.org/obo/OBI_0000047
http://purl.obolibrary.org/obo/CHEBI_4450,http://purl.obolibrary.org/obo/CHEBI_24533
http://purl.obolibrary.org/obo/CHEBI_7640,http://purl.obolibrary.org/obo/CHEBI_36809
http://purl.obolibrary.org/obo/CHEBI_24835,http://purl.obolibrary.org/obo/CHEBI_23367
http://purl.obolibrary.org/obo/CHEBI_33302,http://purl.obolibrary.org/obo/CHEBI_33675
http://purl.obolibrary.org/obo/DRON_00010507,http://purl.obolibrary.org/obo/OBI_0000047
http://purl.obolibrary.org/obo/CHEBI_23341,http://purl.obolibrary.org/obo/CHEBI_23390
http://purl.obolibrary.org/obo/DRON_00015650,http://purl.obolibrary.org/obo/OBI_0000047
http://purl.obolibrary.org/obo/DRON_00016920,http://purl.obolibrary.org/obo/OBI_0000047
http://purl.obolibrary.org/obo/CHEBI_38926,http://purl.obolibrary.org/obo/CHEBI_26979
http://purl.obolibrary.org/obo/DRON_00016931,http://purl.obolibrary.org/obo/OBI_0000047
http://purl.obolibrary.org/obo/CHEBI_33661,http://purl.obolibrary.org/obo/CHEBI_33595
http://purl.obolibrary.org/obo/CHEBI_35315,http://purl.obolibrary.org/obo/CHEBI_24400
http://purl.obolibrary.org/obo/DRON_00723678,http://purl.obolibrary.org/obo/OBI_0000047
http://purl.obolibrary.org/obo/CHEBI_25354,http://purl.obolibrary.org/obo/CHEBI_36699
http://purl.obolibrary.org/obo/CHEBI_26469,http://purl.obolibrary.org/obo/CHEBI_51143
http://purl.obolibrary.org/obo/CHEBI_38445,http://purl.obolibrary.org/obo/CHEBI_23232
http://purl.obolibrary.org/obo/CHEBI_23765,http://purl.obolibrary.org/obo/CHEBI_26513
http://purl.obolibrary.org/obo/DRON_00020285,http://purl.obolibrary.org/obo/OBI_0000047
http://purl.obolibrary.org/obo/CHEBI_35338,http://purl.obolibrary.org/obo/CHEBI_32952
http://purl.obolibrary.org/obo/CHEBI_25676,http://purl.obolibrary.org/obo/CHEBI_16670
http://purl.obolibrary.org/obo/DRON_00016203,http://purl.obolibrary.org/obo/OBI_0000047
http://purl.obolibrary.org/obo/DRON_00020281,http://purl.obolibrary.org/obo/OBI_0000047
http://purl.obolibrary.org/obo/DRON_00012123,http://purl.obolibrary.org/obo/OBI_0000047
http://purl.obolibrary.org/obo/DRON_00012101,http://purl.obolibrary.org/obo/OBI_0000047
http://purl.obolibrary.org/obo/CHEBI_46245,http://purl.obolibrary.org/obo/CHEBI_16389
http://purl.obolibrary.org/obo/DRON_00730857,http://purl.obolibrary.org/obo/OBI_0000047
http://purl.obolibrary.org/obo/CHEBI_50075,http://purl.obolibrary.org/obo/CHEBI_26421
http://purl.obolibrary.org/obo/CHEBI_9398,http://purl.obolibrary.org/obo/CHEBI_35358
http://purl.obolibrary.org/obo/DRON_00018916,http://purl.obolibrary.org/obo/OBI_0000047
http://purl.obolibrary.org/obo/CHEBI_32150,http://purl.obolibrary.org/obo/CHEBI_35505
http://purl.obolibrary.org/obo/CHEBI_30879,http://purl.obolibrary.org/obo/CHEBI_33822
http://purl.obolibrary.org/obo/CHEBI_7852,http://purl.obolibrary.org/obo/CHEBI_38164
http://purl.obolibrary.org/obo/CHEBI_27288,http://purl.obolibrary.org/obo/CHEBI_38958
http://purl.obolibrary.org/obo/DRON_00019019,http://purl.obolibrary.org/obo/OBI_0000047
http://purl.obolibrary.org/obo/CHEBI_50860,http://purl.obolibrary.org/obo/CHEBI_33582
http://purl.obolibrary.org/obo/CHEBI_26878,http://purl.obolibrary.org/obo/CHEBI_30879
http://purl.obolibrary.org/obo/DRON_00011422,http://purl.obolibrary.org/obo/OBI_0000047
http://purl.obolibrary.org/obo/CHEBI_35987,http://purl.obolibrary.org/obo/CHEBI_33709
http://purl.obolibrary.org/obo/CHEBI_33579,http://purl.obolibrary.org/obo/CHEBI_23367
http://purl.obolibrary.org/obo/CHEBI_33568,http://purl.obolibrary.org/obo/CHEBI_33567
http://purl.obolibrary.org/obo/CHEBI_25698,http://purl.obolibrary.org/obo/CHEBI_50860
http://purl.obolibrary.org/obo/DRON_00018283,http://purl.obolibrary.org/obo/OBI_0000047
http://purl.obolibrary.org/obo/CHEBI_48120,http://purl.obolibrary.org/obo/CHEBI_26188
http://purl.obolibrary.org/obo/DRON_00730805,http://purl.obolibrary.org/obo/OBI_0000047
http://purl.obolibrary.org/obo/CHEBI_36885,http://purl.obolibrary.org/obo/CHEBI_35789
http://purl.obolibrary.org/obo/DRON_00730859,http://purl.obolibrary.org/obo/OBI_0000047
http://purl.obolibrary.org/obo/DRON_00020018,http://purl.obolibrary.org/obo/OBI_0000047
http://purl.obolibrary.org/obo/DRON_00019500,http://purl.obolibrary.org/obo/OBI_0000047
http://purl.obolibrary.org/obo/CHEBI_15891,http://purl.obolibrary.org/obo/CHEBI_37793
http://purl.obolibrary.org/obo/CHEBI_7915,http://purl.obolibrary.org/obo/CHEBI_22715
http://purl.obolibrary.org/obo/CHEBI_47779,http://purl.obolibrary.org/obo/CHEBI_24400
http://purl.obolibrary.org/obo/DRON_00018918,http://purl.obolibrary.org/obo/OBI_0000047
http://purl.obolibrary.org/obo/CHEBI_5108,http://purl.obolibrary.org/obo/CHEBI_50830
http://purl.obolibrary.org/obo/CHEBI_24860,http://purl.obolibrary.org/obo/CHEBI_24471
http://purl.obolibrary.org/obo/DRON_00010143,http://purl.obolibrary.org/obo/OBI_0000047
http://purl.obolibrary.org/obo/CHEBI_7447,http://purl.obolibrary.org/obo/CHEBI_17334
http://purl.obolibrary.org/obo/CHEBI_2567,http://purl.obolibrary.org/obo/CHEBI_26069
http://purl.obolibrary.org/obo/CHEBI_35813,http://purl.obolibrary.org/obo/CHEBI_33261
http://purl.obolibrary.org/obo/CHEBI_35500,http://purl.obolibrary.org/obo/CHEBI_22720
http://purl.obolibrary.org/obo/DRON_00011432,http://purl.obolibrary.org/obo/OBI_0000047
http://purl.obolibrary.org/obo/DRON_00013640,http://purl.obolibrary.org/obo/OBI_0000047
http://purl.obolibrary.org/obo/DRON_00018383,http://purl.obolibrary.org/obo/OBI_0000047
http://purl.obolibrary.org/obo/DRON_00010513,http://purl.obolibrary.org/obo/OBI_0000047
http://purl.obolibrary.org/obo/CHEBI_48132,http://purl.obolibrary.org/obo/CHEBI_26188
http://purl.obolibrary.org/obo/CHEBI_38182,http://purl.obolibrary.org/obo/CHEBI_24745
http://purl.obolibrary.org/obo/CHEBI_46847,http://purl.obolibrary.org/obo/CHEBI_26144
http://purl.obolibrary.org/obo/DRON_00017210,http://purl.obolibrary.org/obo/OBI_0000047
http://purl.obolibrary.org/obo/DRON_00017626,http://purl.obolibrary.org/obo/OBI_0000047
http://purl.obolibrary.org/obo/CHEBI_47018,http://purl.obolibrary.org/obo/CHEBI_47017
http://purl.obolibrary.org/obo/CHEBI_23480,http://purl.obolibrary.org/obo/CHEBI_30879
http://purl.obolibrary.org/obo/DRON_00018693,http://purl.obolibrary.org/obo/OBI_0000047
http://purl.obolibrary.org/obo/CHEBI_23007,http://purl.obolibrary.org/obo/CHEBI_63299
http://purl.obolibrary.org/obo/DRON_00016031,http://purl.obolibrary.org/obo/OBI_0000047
http://purl.obolibrary.org/obo/CHEBI_60926,http://purl.obolibrary.org/obo/CHEBI_28963
http://purl.obolibrary.org/obo/CHEBI_49319,http://purl.obolibrary.org/obo/CHEBI_33598
http://purl.obolibrary.org/obo/DRON_00020006,http://purl.obolibrary.org/obo/OBI_0000047
http://purl.obolibrary.org/obo/CHEBI_24400,http://purl.obolibrary.org/obo/CHEBI_63161
http://purl.obolibrary.org/obo/CHEBI_47017,http://purl.obolibrary.org/obo/CHEBI_26912
http://purl.obolibrary.org/obo/CHEBI_25806,http://purl.obolibrary.org/obo/CHEBI_33304
http://purl.obolibrary.org/obo/CHEBI_5686,http://purl.obolibrary.org/obo/CHEBI_33595
http://purl.obolibrary.org/obo/CHEBI_51689,http://purl.obolibrary.org/obo/CHEBI_51721
http://purl.obolibrary.org/obo/CHEBI_33640,http://purl.obolibrary.org/obo/CHEBI_35990
http://purl.obolibrary.org/obo/CHEBI_38077,http://purl.obolibrary.org/obo/CHEBI_38101
http://purl.obolibrary.org/obo/CHEBI_27325,http://purl.obolibrary.org/obo/CHEBI_23044
http://purl.obolibrary.org/obo/CHEBI_26712,http://purl.obolibrary.org/obo/CHEBI_33296
http://purl.obolibrary.org/obo/CHEBI_38482,http://purl.obolibrary.org/obo/CHEBI_35506
http://purl.obolibrary.org/obo/CHEBI_33674,http://purl.obolibrary.org/obo/CHEBI_33579
http://purl.obolibrary.org/obo/CHEBI_2679,http://purl.obolibrary.org/obo/CHEBI_35338
http://purl.obolibrary.org/obo/DRON_00014158,http://purl.obolibrary.org/obo/OBI_0000047
http://purl.obolibrary.org/obo/DRON_00010566,http://purl.obolibrary.org/obo/OBI_0000047
http://purl.obolibrary.org/obo/CHEBI_9925,http://purl.obolibrary.org/obo/CHEBI_38700
http://purl.obolibrary.org/obo/DRON_00015266,http://purl.obolibrary.org/obo/OBI_0000047
http://purl.obolibrary.org/obo/DRON_00016163,http://purl.obolibrary.org/obo/OBI_0000047
http://purl.obolibrary.org/obo/CHEBI_24631,http://purl.obolibrary.org/obo/CHEBI_51143
http://purl.obolibrary.org/obo/CHEBI_61120,http://purl.obolibrary.org/obo/CHEBI_51143
http://purl.obolibrary.org/obo/CHEBI_61120,http://purl.obolibrary.org/obo/CHEBI_33833
http://purl.obolibrary.org/obo/CHEBI_35689,http://purl.obolibrary.org/obo/CHEBI_25693
http://purl.obolibrary.org/obo/CHEBI_35689,http://purl.obolibrary.org/obo/CHEBI_38101
http://purl.obolibrary.org/obo/CHEBI_35676,http://purl.obolibrary.org/obo/CHEBI_38101
http://purl.obolibrary.org/obo/CHEBI_35676,http://purl.obolibrary.org/obo/CHEBI_27171
http://purl.obolibrary.org/obo/CHEBI_51380,http://purl.obolibrary.org/obo/CHEBI_26421
http://purl.obolibrary.org/obo/CHEBI_51380,http://purl.obolibrary.org/obo/CHEBI_32876
http://purl.obolibrary.org/obo/CHEBI_205919,http://purl.obolibrary.org/obo/CHEBI_35346
http://purl.obolibrary.org/obo/CHEBI_205919,http://purl.obolibrary.org/obo/CHEBI_24261
http://purl.obolibrary.org/obo/CHEBI_205919,http://purl.obolibrary.org/obo/CHEBI_35342
http://purl.obolibrary.org/obo/CHEBI_205919,http://purl.obolibrary.org/obo/CHEBI_47909
http://purl.obolibrary.org/obo/CHEBI_205919,http://purl.obolibrary.org/obo/CHEBI_36885
http://purl.obolibrary.org/obo/CHEBI_35352,http://purl.obolibrary.org/obo/CHEBI_51143
http://purl.obolibrary.org/obo/CHEBI_35352,http://purl.obolibrary.org/obo/CHEBI_33285
http://purl.obolibrary.org/obo/CHEBI_3223,http://purl.obolibrary.org/obo/CHEBI_46848
http://purl.obolibrary.org/obo/CHEBI_3223,http://purl.obolibrary.org/obo/CHEBI_39447
http://purl.obolibrary.org/obo/CHEBI_3223,http://purl.obolibrary.org/obo/CHEBI_46845
http://purl.obolibrary.org/obo/CHEBI_3223,http://purl.obolibrary.org/obo/CHEBI_35624
http://purl.obolibrary.org/obo/CHEBI_48630,http://purl.obolibrary.org/obo/CHEBI_26151
http://purl.obolibrary.org/obo/CHEBI_48630,http://purl.obolibrary.org/obo/CHEBI_33308
http://purl.obolibrary.org/obo/CHEBI_33838,http://purl.obolibrary.org/obo/CHEBI_61120
http://purl.obolibrary.org/obo/CHEBI_33838,http://purl.obolibrary.org/obo/CHEBI_26912
http://purl.obolibrary.org/obo/CHEBI_33838,http://purl.obolibrary.org/obo/CHEBI_21731
http://purl.obolibrary.org/obo/CHEBI_35875,http://purl.obolibrary.org/obo/CHEBI_38101
http://purl.obolibrary.org/obo/CHEBI_35875,http://purl.obolibrary.org/obo/CHEBI_27171
http://purl.obolibrary.org/obo/CHEBI_35875,http://purl.obolibrary.org/obo/CHEBI_33833
http://purl.obolibrary.org/obo/CHEBI_33861,http://purl.obolibrary.org/obo/CHEBI_33240
http://purl.obolibrary.org/obo/CHEBI_33861,http://purl.obolibrary.org/obo/CHEBI_33497
http://purl.obolibrary.org/obo/CHEBI_38104,http://purl.obolibrary.org/obo/CHEBI_36963
http://purl.obolibrary.org/obo/CHEBI_38104,http://purl.obolibrary.org/obo/CHEBI_24532
http://purl.obolibrary.org/obo/CHEBI_26151,http://purl.obolibrary.org/obo/CHEBI_25693
http://purl.obolibrary.org/obo/CHEBI_26151,http://purl.obolibrary.org/obo/CHEBI_38101
http://purl.obolibrary.org/obo/CHEBI_33570,http://purl.obolibrary.org/obo/CHEBI_22625
http://purl.obolibrary.org/obo/CHEBI_33570,http://purl.obolibrary.org/obo/CHEBI_33853
http://purl.obolibrary.org/obo/CHEBI_24864,http://purl.obolibrary.org/obo/CHEBI_24862
http://purl.obolibrary.org/obo/CHEBI_24864,http://purl.obolibrary.org/obo/CHEBI_33853
http://purl.obolibrary.org/obo/CHEBI_24921,http://purl.obolibrary.org/obo/CHEBI_22315
http://purl.obolibrary.org/obo/CHEBI_24921,http://purl.obolibrary.org/obo/CHEBI_24922
http://purl.obolibrary.org/obo/CHEBI_2663,http://purl.obolibrary.org/obo/CHEBI_38830
http://purl.obolibrary.org/obo/CHEBI_2663,http://purl.obolibrary.org/obo/CHEBI_37142
http://purl.obolibrary.org/obo/CHEBI_50264,http://purl.obolibrary.org/obo/CHEBI_38101
http://purl.obolibrary.org/obo/CHEBI_50264,http://purl.obolibrary.org/obo/CHEBI_38106
http://purl.obolibrary.org/obo/CHEBI_24505,http://purl.obolibrary.org/obo/CHEBI_37395
http://purl.obolibrary.org/obo/CHEBI_24505,http://purl.obolibrary.org/obo/CHEBI_35722
http://purl.obolibrary.org/obo/CHEBI_36683,http://purl.obolibrary.org/obo/CHEBI_36684
http://purl.obolibrary.org/obo/CHEBI_36683,http://purl.obolibrary.org/obo/CHEBI_23117
http://purl.obolibrary.org/obo/CHEBI_26912,http://purl.obolibrary.org/obo/CHEBI_38104
http://purl.obolibrary.org/obo/CHEBI_26912,http://purl.obolibrary.org/obo/CHEBI_25693
http://purl.obolibrary.org/obo/CHEBI_26373,http://purl.obolibrary.org/obo/CHEBI_38101
http://purl.obolibrary.org/obo/CHEBI_26373,http://purl.obolibrary.org/obo/CHEBI_27171
http://purl.obolibrary.org/obo/CHEBI_26373,http://purl.obolibrary.org/obo/CHEBI_33833
http://purl.obolibrary.org/obo/CHEBI_33308,http://purl.obolibrary.org/obo/CHEBI_36586
http://purl.obolibrary.org/obo/CHEBI_33308,http://purl.obolibrary.org/obo/CHEBI_35701
http://purl.obolibrary.org/obo/CHEBI_33261,http://purl.obolibrary.org/obo/CHEBI_26835
http://purl.obolibrary.org/obo/CHEBI_33261,http://purl.obolibrary.org/obo/CHEBI_36962
http://purl.obolibrary.org/obo/CHEBI_478164,http://purl.obolibrary.org/obo/CHEBI_23066
http://purl.obolibrary.org/obo/CHEBI_478164,http://purl.obolibrary.org/obo/CHEBI_36816
http://purl.obolibrary.org/obo/CHEBI_52993,http://purl.obolibrary.org/obo/CHEBI_36683
http://purl.obolibrary.org/obo/CHEBI_52993,http://purl.obolibrary.org/obo/CHEBI_35500
http://purl.obolibrary.org/obo/CHEBI_25693,http://purl.obolibrary.org/obo/CHEBI_33670
http://purl.obolibrary.org/obo/CHEBI_25693,http://purl.obolibrary.org/obo/CHEBI_24532
http://purl.obolibrary.org/obo/CHEBI_51958,http://purl.obolibrary.org/obo/CHEBI_33635
http://purl.obolibrary.org/obo/CHEBI_51958,http://purl.obolibrary.org/obo/CHEBI_33832
http://purl.obolibrary.org/obo/CHEBI_7627,http://purl.obolibrary.org/obo/CHEBI_47788
http://purl.obolibrary.org/obo/CHEBI_7627,http://purl.obolibrary.org/obo/CHEBI_35343
http://purl.obolibrary.org/obo/CHEBI_35274,http://purl.obolibrary.org/obo/CHEBI_33702
http://purl.obolibrary.org/obo/CHEBI_35274,http://purl.obolibrary.org/obo/CHEBI_51143
http://purl.obolibrary.org/obo/CHEBI_25865,http://purl.obolibrary.org/obo/CHEBI_33575
http://purl.obolibrary.org/obo/CHEBI_25865,http://purl.obolibrary.org/obo/CHEBI_35992
http://purl.obolibrary.org/obo/CHEBI_2379,http://purl.obolibrary.org/obo/CHEBI_35533
http://purl.obolibrary.org/obo/CHEBI_2379,http://purl.obolibrary.org/obo/CHEBI_50995
http://purl.obolibrary.org/obo/CHEBI_2379,http://purl.obolibrary.org/obo/CHEBI_23981
http://purl.obolibrary.org/obo/CHEBI_2379,http://purl.obolibrary.org/obo/CHEBI_37622
http://purl.obolibrary.org/obo/CHEBI_2379,http://purl.obolibrary.org/obo/CHEBI_25698
http://purl.obolibrary.org/obo/CHEBI_64096,http://purl.obolibrary.org/obo/CHEBI_38104
http://purl.obolibrary.org/obo/CHEBI_64096,http://purl.obolibrary.org/obo/CHEBI_27171
http://purl.obolibrary.org/obo/CHEBI_32863,http://purl.obolibrary.org/obo/CHEBI_32952
http://purl.obolibrary.org/obo/CHEBI_32863,http://purl.obolibrary.org/obo/CHEBI_50995
http://purl.obolibrary.org/obo/CHEBI_33575,http://purl.obolibrary.org/obo/CHEBI_24833
http://purl.obolibrary.org/obo/CHEBI_33575,http://purl.obolibrary.org/obo/CHEBI_36586
http://purl.obolibrary.org/obo/CHEBI_33575,http://purl.obolibrary.org/obo/CHEBI_50860
http://purl.obolibrary.org/obo/CHEBI_25704,http://purl.obolibrary.org/obo/CHEBI_33261
http://purl.obolibrary.org/obo/CHEBI_25704,http://purl.obolibrary.org/obo/CHEBI_26820
http://purl.obolibrary.org/obo/CHEBI_25704,http://purl.obolibrary.org/obo/CHEBI_37826
http://purl.obolibrary.org/obo/CHEBI_22475,http://purl.obolibrary.org/obo/CHEBI_25359
http://purl.obolibrary.org/obo/CHEBI_22475,http://purl.obolibrary.org/obo/CHEBI_37622
http://purl.obolibrary.org/obo/CHEBI_24129,http://purl.obolibrary.org/obo/CHEBI_38104
http://purl.obolibrary.org/obo/CHEBI_24129,http://purl.obolibrary.org/obo/CHEBI_25693
http://purl.obolibrary.org/obo/CHEBI_33598,http://purl.obolibrary.org/obo/CHEBI_33597
http://purl.obolibrary.org/obo/CHEBI_33598,http://purl.obolibrary.org/obo/CHEBI_33832
http://purl.obolibrary.org/obo/CHEBI_38166,http://purl.obolibrary.org/obo/CHEBI_33671
http://purl.obolibrary.org/obo/CHEBI_38166,http://purl.obolibrary.org/obo/CHEBI_24532
http://purl.obolibrary.org/obo/CHEBI_46908,http://purl.obolibrary.org/obo/CHEBI_38101
http://purl.obolibrary.org/obo/CHEBI_46908,http://purl.obolibrary.org/obo/CHEBI_27171
http://purl.obolibrary.org/obo/CHEBI_5050,http://purl.obolibrary.org/obo/CHEBI_26151
http://purl.obolibrary.org/obo/CHEBI_5050,http://purl.obolibrary.org/obo/CHEBI_32876
http://purl.obolibrary.org/obo/CHEBI_22565,http://purl.obolibrary.org/obo/CHEBI_25480
http://purl.obolibrary.org/obo/CHEBI_22565,http://purl.obolibrary.org/obo/CHEBI_26188
http://purl.obolibrary.org/obo/CHEBI_22507,http://purl.obolibrary.org/obo/CHEBI_47779
http://purl.obolibrary.org/obo/CHEBI_22507,http://purl.obolibrary.org/obo/CHEBI_23007
http://purl.obolibrary.org/obo/CHEBI_9943,http://purl.obolibrary.org/obo/CHEBI_32876
http://purl.obolibrary.org/obo/CHEBI_9943,http://purl.obolibrary.org/obo/CHEBI_26878
http://purl.obolibrary.org/obo/CHEBI_9943,http://purl.obolibrary.org/obo/CHEBI_23480
http://purl.obolibrary.org/obo/CHEBI_52362,http://purl.obolibrary.org/obo/CHEBI_33637
http://purl.obolibrary.org/obo/CHEBI_52362,http://purl.obolibrary.org/obo/CHEBI_38180
http://purl.obolibrary.org/obo/CHEBI_28077,http://purl.obolibrary.org/obo/CHEBI_46920
http://purl.obolibrary.org/obo/CHEBI_28077,http://purl.obolibrary.org/obo/CHEBI_26580
http://purl.obolibrary.org/obo/CHEBI_28077,http://purl.obolibrary.org/obo/CHEBI_46847
http://purl.obolibrary.org/obo/CHEBI_33702,http://purl.obolibrary.org/obo/CHEBI_36358
http://purl.obolibrary.org/obo/CHEBI_33702,http://purl.obolibrary.org/obo/CHEBI_36916
http://purl.obolibrary.org/obo/CHEBI_26421,http://purl.obolibrary.org/obo/CHEBI_25693
http://purl.obolibrary.org/obo/CHEBI_26421,http://purl.obolibrary.org/obo/CHEBI_38101
http://purl.obolibrary.org/obo/CHEBI_4856,http://purl.obolibrary.org/obo/CHEBI_33308
http://purl.obolibrary.org/obo/CHEBI_4856,http://purl.obolibrary.org/obo/CHEBI_32863
http://purl.obolibrary.org/obo/CHEBI_4856,http://purl.obolibrary.org/obo/CHEBI_23981
http://purl.obolibrary.org/obo/CHEBI_9316,http://purl.obolibrary.org/obo/CHEBI_26151
http://purl.obolibrary.org/obo/CHEBI_9316,http://purl.obolibrary.org/obo/CHEBI_37622
http://purl.obolibrary.org/obo/CHEBI_9316,http://purl.obolibrary.org/obo/CHEBI_26961
http://purl.obolibrary.org/obo/CHEBI_26455,http://purl.obolibrary.org/obo/CHEBI_25693
http://purl.obolibrary.org/obo/CHEBI_26455,http://purl.obolibrary.org/obo/CHEBI_38101
http://purl.obolibrary.org/obo/CHEBI_22728,http://purl.obolibrary.org/obo/CHEBI_38101
http://purl.obolibrary.org/obo/CHEBI_22728,http://purl.obolibrary.org/obo/CHEBI_38180
http://purl.obolibrary.org/obo/CHEBI_22728,http://purl.obolibrary.org/obo/CHEBI_27171
http://purl.obolibrary.org/obo/CHEBI_48277,http://purl.obolibrary.org/obo/CHEBI_38101
http://purl.obolibrary.org/obo/CHEBI_48277,http://purl.obolibrary.org/obo/CHEBI_27171
http://purl.obolibrary.org/obo/CHEBI_36684,http://purl.obolibrary.org/obo/CHEBI_33285
http://purl.obolibrary.org/obo/CHEBI_36684,http://purl.obolibrary.org/obo/CHEBI_37578
http://purl.obolibrary.org/obo/CHEBI_8461,http://purl.obolibrary.org/obo/CHEBI_32876
http://purl.obolibrary.org/obo/CHEBI_8461,http://purl.obolibrary.org/obo/CHEBI_38093
http://purl.obolibrary.org/obo/CHEBI_33692,http://purl.obolibrary.org/obo/CHEBI_37577
http://purl.obolibrary.org/obo/CHEBI_33692,http://purl.obolibrary.org/obo/CHEBI_33608
http://purl.obolibrary.org/obo/CHEBI_24651,http://purl.obolibrary.org/obo/CHEBI_37577
http://purl.obolibrary.org/obo/CHEBI_24651,http://purl.obolibrary.org/obo/CHEBI_33608
http://purl.obolibrary.org/obo/CHEBI_24651,http://purl.obolibrary.org/obo/CHEBI_25806
http://purl.obolibrary.org/obo/CHEBI_33670,http://purl.obolibrary.org/obo/CHEBI_33661
http://purl.obolibrary.org/obo/CHEBI_33670,http://purl.obolibrary.org/obo/CHEBI_5686
http://purl.obolibrary.org/obo/CHEBI_13248,http://purl.obolibrary.org/obo/CHEBI_22712
http://purl.obolibrary.org/obo/CHEBI_13248,http://purl.obolibrary.org/obo/CHEBI_32988
http://purl.obolibrary.org/obo/CHEBI_46844,http://purl.obolibrary.org/obo/CHEBI_26144
http://purl.obolibrary.org/obo/CHEBI_46844,http://purl.obolibrary.org/obo/CHEBI_46754
http://purl.obolibrary.org/obo/CHEBI_22693,http://purl.obolibrary.org/obo/CHEBI_36588
http://purl.obolibrary.org/obo/CHEBI_22693,http://purl.obolibrary.org/obo/CHEBI_38337
http://purl.obolibrary.org/obo/CHEBI_4710,http://purl.obolibrary.org/obo/CHEBI_36809
http://purl.obolibrary.org/obo/CHEBI_4710,http://purl.obolibrary.org/obo/CHEBI_38926
http://purl.obolibrary.org/obo/CHEBI_41977,http://purl.obolibrary.org/obo/CHEBI_22507
http://purl.obolibrary.org/obo/CHEBI_41977,http://purl.obolibrary.org/obo/CHEBI_48120
http://purl.obolibrary.org/obo/CHEBI_35358,http://purl.obolibrary.org/obo/CHEBI_33552
http://purl.obolibrary.org/obo/CHEBI_35358,http://purl.obolibrary.org/obo/CHEBI_33256
http://purl.obolibrary.org/obo/CHEBI_6722,http://purl.obolibrary.org/obo/CHEBI_47788
http://purl.obolibrary.org/obo/CHEBI_6722,http://purl.obolibrary.org/obo/CHEBI_35342
http://purl.obolibrary.org/obo/CHEBI_6722,http://purl.obolibrary.org/obo/CHEBI_47909
http://purl.obolibrary.org/obo/CHEBI_6722,http://purl.obolibrary.org/obo/CHEBI_36885
http://purl.obolibrary.org/obo/CHEBI_35406,http://purl.obolibrary.org/obo/CHEBI_25741
http://purl.obolibrary.org/obo/CHEBI_35406,http://purl.obolibrary.org/obo/CHEBI_33273
http://purl.obolibrary.org/obo/CHEBI_36141,http://purl.obolibrary.org/obo/CHEBI_3992
http://purl.obolibrary.org/obo/CHEBI_36141,http://purl.obolibrary.org/obo/CHEBI_50860
http://purl.obolibrary.org/obo/CHEBI_2666,http://purl.obolibrary.org/obo/CHEBI_32876
http://purl.obolibrary.org/obo/CHEBI_2666,http://purl.obolibrary.org/obo/CHEBI_36809
http://purl.obolibrary.org/obo/CHEBI_33424,http://purl.obolibrary.org/obo/CHEBI_26835
http://purl.obolibrary.org/obo/CHEBI_33424,http://purl.obolibrary.org/obo/CHEBI_33241
http://purl.obolibrary.org/obo/CHEBI_35789,http://purl.obolibrary.org/obo/CHEBI_17087
http://purl.obolibrary.org/obo/CHEBI_35789,http://purl.obolibrary.org/obo/CHEBI_35341
http://purl.obolibrary.org/obo/CHEBI_9566,http://purl.obolibrary.org/obo/CHEBI_26151
http://purl.obolibrary.org/obo/CHEBI_9566,http://purl.obolibrary.org/obo/CHEBI_38093
http://purl.obolibrary.org/obo/CHEBI_32876,http://purl.obolibrary.org/obo/CHEBI_32952
http://purl.obolibrary.org/obo/CHEBI_32876,http://purl.obolibrary.org/obo/CHEBI_50996
http://purl.obolibrary.org/obo/CHEBI_35790,http://purl.obolibrary.org/obo/CHEBI_38104
http://purl.obolibrary.org/obo/CHEBI_35790,http://purl.obolibrary.org/obo/CHEBI_25693
http://purl.obolibrary.org/obo/CHEBI_35790,http://purl.obolibrary.org/obo/CHEBI_38101
http://purl.obolibrary.org/obo/CHEBI_37793,http://purl.obolibrary.org/obo/CHEBI_50047
http://purl.obolibrary.org/obo/CHEBI_37793,http://purl.obolibrary.org/obo/CHEBI_33551
http://purl.obolibrary.org/obo/CHEBI_50730,http://purl.obolibrary.org/obo/CHEBI_25384
http://purl.obolibrary.org/obo/CHEBI_50730,http://purl.obolibrary.org/obo/CHEBI_22327
http://purl.obolibrary.org/obo/CHEBI_50730,http://purl.obolibrary.org/obo/CHEBI_26513
http://purl.obolibrary.org/obo/CHEBI_25480,http://purl.obolibrary.org/obo/CHEBI_51475
http://purl.obolibrary.org/obo/CHEBI_25480,http://purl.obolibrary.org/obo/CHEBI_49319
http://purl.obolibrary.org/obo/CHEBI_5818,http://purl.obolibrary.org/obo/CHEBI_36683
http://purl.obolibrary.org/obo/CHEBI_5818,http://purl.obolibrary.org/obo/CHEBI_46845
http://purl.obolibrary.org/obo/CHEBI_5818,http://purl.obolibrary.org/obo/CHEBI_46789
http://purl.obolibrary.org/obo/CHEBI_22720,http://purl.obolibrary.org/obo/CHEBI_38101
http://purl.obolibrary.org/obo/CHEBI_22720,http://purl.obolibrary.org/obo/CHEBI_27171
http://purl.obolibrary.org/obo/CHEBI_4708,http://purl.obolibrary.org/obo/CHEBI_38530
http://purl.obolibrary.org/obo/CHEBI_4708,http://purl.obolibrary.org/obo/CHEBI_46848
http://purl.obolibrary.org/obo/CHEBI_4708,http://purl.obolibrary.org/obo/CHEBI_64096
http://purl.obolibrary.org/obo/CHEBI_4708,http://purl.obolibrary.org/obo/CHEBI_46844
http://purl.obolibrary.org/obo/CHEBI_4708,http://purl.obolibrary.org/obo/CHEBI_50471
http://purl.obolibrary.org/obo/CHEBI_100246,http://purl.obolibrary.org/obo/CHEBI_46848
http://purl.obolibrary.org/obo/CHEBI_100246,http://purl.obolibrary.org/obo/CHEBI_26512
http://purl.obolibrary.org/obo/CHEBI_100246,http://purl.obolibrary.org/obo/CHEBI_23765
http://purl.obolibrary.org/obo/CHEBI_100246,http://purl.obolibrary.org/obo/CHEBI_37143
http://purl.obolibrary.org/obo/CHEBI_25699,http://purl.obolibrary.org/obo/CHEBI_24870
http://purl.obolibrary.org/obo/CHEBI_25699,http://purl.obolibrary.org/obo/CHEBI_50860
http://purl.obolibrary.org/obo/CHEBI_16714,http://purl.obolibrary.org/obo/CHEBI_38164
http://purl.obolibrary.org/obo/CHEBI_16714,http://purl.obolibrary.org/obo/CHEBI_25418
http://purl.obolibrary.org/obo/CHEBI_38768,http://purl.obolibrary.org/obo/CHEBI_38101
http://purl.obolibrary.org/obo/CHEBI_38768,http://purl.obolibrary.org/obo/CHEBI_27171
http://purl.obolibrary.org/obo/CHEBI_9332,http://purl.obolibrary.org/obo/CHEBI_35358
http://purl.obolibrary.org/obo/CHEBI_9332,http://purl.obolibrary.org/obo/CHEBI_55373
http://purl.obolibrary.org/obo/CHEBI_36699,http://purl.obolibrary.org/obo/CHEBI_26764
http://purl.obolibrary.org/obo/CHEBI_36699,http://purl.obolibrary.org/obo/CHEBI_50858
http://purl.obolibrary.org/obo/CHEBI_38295,http://purl.obolibrary.org/obo/CHEBI_38101
http://purl.obolibrary.org/obo/CHEBI_38295,http://purl.obolibrary.org/obo/CHEBI_27171
http://purl.obolibrary.org/obo/CHEBI_175901,http://purl.obolibrary.org/obo/CHEBI_19255
http://purl.obolibrary.org/obo/CHEBI_175901,http://purl.obolibrary.org/obo/CHEBI_37143
http://purl.obolibrary.org/obo/CHEBI_22314,http://purl.obolibrary.org/obo/CHEBI_33318
http://purl.obolibrary.org/obo/CHEBI_22314,http://purl.obolibrary.org/obo/CHEBI_33521
http://purl.obolibrary.org/obo/CHEBI_22314,http://purl.obolibrary.org/obo/CHEBI_33559
http://purl.obolibrary.org/obo/CHEBI_33671,http://purl.obolibrary.org/obo/CHEBI_33635
http://purl.obolibrary.org/obo/CHEBI_33671,http://purl.obolibrary.org/obo/CHEBI_5686
http://purl.obolibrary.org/obo/CHEBI_4877,http://purl.obolibrary.org/obo/CHEBI_31577
http://purl.obolibrary.org/obo/CHEBI_4877,http://purl.obolibrary.org/obo/CHEBI_23981
http://purl.obolibrary.org/obo/CHEBI_4702,http://purl.obolibrary.org/obo/CHEBI_35358
http://purl.obolibrary.org/obo/CHEBI_4702,http://purl.obolibrary.org/obo/CHEBI_26961
http://purl.obolibrary.org/obo/CHEBI_24734,http://purl.obolibrary.org/obo/CHEBI_24662
http://purl.obolibrary.org/obo/CHEBI_24734,http://purl.obolibrary.org/obo/CHEBI_25985
http://purl.obolibrary.org/obo/CHEBI_50885,http://purl.obolibrary.org/obo/CHEBI_35346
http://purl.obolibrary.org/obo/CHEBI_50885,http://purl.obolibrary.org/obo/CHEBI_61313
http://purl.obolibrary.org/obo/CHEBI_50885,http://purl.obolibrary.org/obo/CHEBI_47788
http://purl.obolibrary.org/obo/CHEBI_50885,http://purl.obolibrary.org/obo/CHEBI_35342
http://purl.obolibrary.org/obo/CHEBI_50885,http://purl.obolibrary.org/obo/CHEBI_25354
http://purl.obolibrary.org/obo/CHEBI_50885,http://purl.obolibrary.org/obo/CHEBI_37143
http://purl.obolibrary.org/obo/CHEBI_4670,http://purl.obolibrary.org/obo/CHEBI_32863
http://purl.obolibrary.org/obo/CHEBI_4670,http://purl.obolibrary.org/obo/CHEBI_33567
http://purl.obolibrary.org/obo/CHEBI_40237,http://purl.obolibrary.org/obo/CHEBI_48277
http://purl.obolibrary.org/obo/CHEBI_40237,http://purl.obolibrary.org/obo/CHEBI_37143
http://purl.obolibrary.org/obo/CHEBI_35294,http://purl.obolibrary.org/obo/CHEBI_33598
http://purl.obolibrary.org/obo/CHEBI_35294,http://purl.obolibrary.org/obo/CHEBI_35295
http://purl.obolibrary.org/obo/CHEBI_24840,http://purl.obolibrary.org/obo/CHEBI_35175
http://purl.obolibrary.org/obo/CHEBI_24840,http://purl.obolibrary.org/obo/CHEBI_24835
http://purl.obolibrary.org/obo/CHEBI_37942,http://purl.obolibrary.org/obo/CHEBI_38101
http://purl.obolibrary.org/obo/CHEBI_37942,http://purl.obolibrary.org/obo/CHEBI_38106
http://purl.obolibrary.org/obo/CHEBI_37942,http://purl.obolibrary.org/obo/CHEBI_27171
http://purl.obolibrary.org/obo/CHEBI_38101,http://purl.obolibrary.org/obo/CHEBI_35352
http://purl.obolibrary.org/obo/CHEBI_38101,http://purl.obolibrary.org/obo/CHEBI_24532
http://purl.obolibrary.org/obo/CHEBI_42068,http://purl.obolibrary.org/obo/CHEBI_49322
http://purl.obolibrary.org/obo/CHEBI_42068,http://purl.obolibrary.org/obo/CHEBI_35315
http://purl.obolibrary.org/obo/CHEBI_33659,http://purl.obolibrary.org/obo/CHEBI_33655
http://purl.obolibrary.org/obo/CHEBI_33659,http://purl.obolibrary.org/obo/CHEBI_33832
http://purl.obolibrary.org/obo/CHEBI_37941,http://purl.obolibrary.org/obo/CHEBI_36683
http://purl.obolibrary.org/obo/CHEBI_37941,http://purl.obolibrary.org/obo/CHEBI_37942
http://purl.obolibrary.org/obo/CHEBI_8802,http://purl.obolibrary.org/obo/CHEBI_48630
http://purl.obolibrary.org/obo/CHEBI_8802,http://purl.obolibrary.org/obo/CHEBI_13248
http://purl.obolibrary.org/obo/CHEBI_8802,http://purl.obolibrary.org/obo/CHEBI_37622
http://purl.obolibrary.org/obo/CHEBI_8802,http://purl.obolibrary.org/obo/CHEBI_46668
http://purl.obolibrary.org/obo/CHEBI_48901,http://purl.obolibrary.org/obo/CHEBI_25693
http://purl.obolibrary.org/obo/CHEBI_48901,http://purl.obolibrary.org/obo/CHEBI_38179
http://purl.obolibrary.org/obo/CHEBI_48901,http://purl.obolibrary.org/obo/CHEBI_38101
http://purl.obolibrary.org/obo/CHEBI_48901,http://purl.obolibrary.org/obo/CHEBI_38106
http://purl.obolibrary.org/obo/CHEBI_3013,http://purl.obolibrary.org/obo/CHEBI_50265
http://purl.obolibrary.org/obo/CHEBI_3013,http://purl.obolibrary.org/obo/CHEBI_35358
http://purl.obolibrary.org/obo/CHEBI_5956,http://purl.obolibrary.org/obo/CHEBI_36243
http://purl.obolibrary.org/obo/CHEBI_5956,http://purl.obolibrary.org/obo/CHEBI_35267
http://purl.obolibrary.org/obo/CHEBI_5956,http://purl.obolibrary.org/obo/CHEBI_37332
http://purl.obolibrary.org/obo/CHEBI_26932,http://purl.obolibrary.org/obo/CHEBI_33833
http://purl.obolibrary.org/obo/CHEBI_26932,http://purl.obolibrary.org/obo/CHEBI_38077
http://purl.obolibrary.org/obo/CHEBI_26440,http://purl.obolibrary.org/obo/CHEBI_33838
http://purl.obolibrary.org/obo/CHEBI_26440,http://purl.obolibrary.org/obo/CHEBI_39447
http://purl.obolibrary.org/obo/CHEBI_35722,http://purl.obolibrary.org/obo/CHEBI_18085
http://purl.obolibrary.org/obo/CHEBI_35722,http://purl.obolibrary.org/obo/CHEBI_35724
http://purl.obolibrary.org/obo/CHEBI_28934,http://purl.obolibrary.org/obo/CHEBI_36853
http://purl.obolibrary.org/obo/CHEBI_28934,http://purl.obolibrary.org/obo/CHEBI_36819
http://purl.obolibrary.org/obo/CHEBI_28934,http://purl.obolibrary.org/obo/CHEBI_27300
http://purl.obolibrary.org/obo/CHEBI_28868,http://purl.obolibrary.org/obo/CHEBI_18059
http://purl.obolibrary.org/obo/CHEBI_28868,http://purl.obolibrary.org/obo/CHEBI_35757
http://purl.obolibrary.org/obo/CHEBI_35479,http://purl.obolibrary.org/obo/CHEBI_24866
http://purl.obolibrary.org/obo/CHEBI_35479,http://purl.obolibrary.org/obo/CHEBI_33296
http://purl.obolibrary.org/obo/CHEBI_27958,http://purl.obolibrary.org/obo/CHEBI_33308
http://purl.obolibrary.org/obo/CHEBI_27958,http://purl.obolibrary.org/obo/CHEBI_37332
http://purl.obolibrary.org/obo/CHEBI_24862,http://purl.obolibrary.org/obo/CHEBI_24470
http://purl.obolibrary.org/obo/CHEBI_24862,http://purl.obolibrary.org/obo/CHEBI_37142
http://purl.obolibrary.org/obo/CHEBI_33836,http://purl.obolibrary.org/obo/CHEBI_33598
http://purl.obolibrary.org/obo/CHEBI_33836,http://purl.obolibrary.org/obo/CHEBI_33659
http://purl.obolibrary.org/obo/CHEBI_46789,http://purl.obolibrary.org/obo/CHEBI_30879
http://purl.obolibrary.org/obo/CHEBI_46789,http://purl.obolibrary.org/obo/CHEBI_25698
http://purl.obolibrary.org/obo/CHEBI_9948,http://purl.obolibrary.org/obo/CHEBI_23424
http://purl.obolibrary.org/obo/CHEBI_9948,http://purl.obolibrary.org/obo/CHEBI_32876
http://purl.obolibrary.org/obo/CHEBI_21731,http://purl.obolibrary.org/obo/CHEBI_35352
http://purl.obolibrary.org/obo/CHEBI_21731,http://purl.obolibrary.org/obo/CHEBI_63161
http://purl.obolibrary.org/obo/CHEBI_18154,http://purl.obolibrary.org/obo/CHEBI_63299
http://purl.obolibrary.org/obo/CHEBI_18154,http://purl.obolibrary.org/obo/CHEBI_33694
http://purl.obolibrary.org/obo/CHEBI_8768,http://purl.obolibrary.org/obo/CHEBI_26421
http://purl.obolibrary.org/obo/CHEBI_8768,http://purl.obolibrary.org/obo/CHEBI_22715
http://purl.obolibrary.org/obo/CHEBI_8768,http://purl.obolibrary.org/obo/CHEBI_35813
http://purl.obolibrary.org/obo/CHEBI_38771,http://purl.obolibrary.org/obo/CHEBI_38101
http://purl.obolibrary.org/obo/CHEBI_38771,http://purl.obolibrary.org/obo/CHEBI_27171
http://purl.obolibrary.org/obo/CHEBI_3437,http://purl.obolibrary.org/obo/CHEBI_35681
http://purl.obolibrary.org/obo/CHEBI_3437,http://purl.obolibrary.org/obo/CHEBI_23765
http://purl.obolibrary.org/obo/CHEBI_33245,http://purl.obolibrary.org/obo/CHEBI_37175
http://purl.obolibrary.org/obo/CHEBI_33245,http://purl.obolibrary.org/obo/CHEBI_50860
http://purl.obolibrary.org/obo/CHEBI_33906,http://purl.obolibrary.org/obo/CHEBI_33909
http://purl.obolibrary.org/obo/CHEBI_33906,http://purl.obolibrary.org/obo/CHEBI_33913
http://purl.obolibrary.org/obo/CHEBI_33906,http://purl.obolibrary.org/obo/CHEBI_33890
http://purl.obolibrary.org/obo/CHEBI_8499,http://purl.obolibrary.org/obo/CHEBI_32863
http://purl.obolibrary.org/obo/CHEBI_8499,http://purl.obolibrary.org/obo/CHEBI_35533
http://purl.obolibrary.org/obo/CHEBI_59999,http://purl.obolibrary.org/obo/BFO_0000030
http://purl.obolibrary.org/obo/CHEBI_59999,http://purl.obolibrary.org/obo/CHEBI_24431
http://purl.obolibrary.org/obo/CHEBI_36586,http://purl.obolibrary.org/obo/CHEBI_36587
http://purl.obolibrary.org/obo/CHEBI_36586,http://purl.obolibrary.org/obo/CHEBI_36963
http://purl.obolibrary.org/obo/CHEBI_22907,http://purl.obolibrary.org/obo/CHEBI_23089
http://purl.obolibrary.org/obo/CHEBI_22907,http://purl.obolibrary.org/obo/CHEBI_24395
http://purl.obolibrary.org/obo/CHEBI_24922,http://purl.obolibrary.org/obo/CHEBI_38101
http://purl.obolibrary.org/obo/CHEBI_24922,http://purl.obolibrary.org/obo/CHEBI_33659
http://purl.obolibrary.org/obo/CHEBI_24922,http://purl.obolibrary.org/obo/CHEBI_27171
http://purl.obolibrary.org/obo/CHEBI_35259,http://purl.obolibrary.org/obo/CHEBI_38104
http://purl.obolibrary.org/obo/CHEBI_35259,http://purl.obolibrary.org/obo/CHEBI_27171
http://purl.obolibrary.org/obo/CHEBI_24863,http://purl.obolibrary.org/obo/CHEBI_38856
http://purl.obolibrary.org/obo/CHEBI_24863,http://purl.obolibrary.org/obo/CHEBI_37142
http://purl.obolibrary.org/obo/CHEBI_37943,http://purl.obolibrary.org/obo/CHEBI_25903
http://purl.obolibrary.org/obo/CHEBI_37943,http://purl.obolibrary.org/obo/CHEBI_59062
http://purl.obolibrary.org/obo/CHEBI_3001,http://purl.obolibrary.org/obo/CHEBI_36683
http://purl.obolibrary.org/obo/CHEBI_3001,http://purl.obolibrary.org/obo/CHEBI_35346
http://purl.obolibrary.org/obo/CHEBI_3001,http://purl.obolibrary.org/obo/CHEBI_24261
http://purl.obolibrary.org/obo/CHEBI_3001,http://purl.obolibrary.org/obo/CHEBI_35342
http://purl.obolibrary.org/obo/CHEBI_3001,http://purl.obolibrary.org/obo/CHEBI_35344
http://purl.obolibrary.org/obo/CHEBI_3001,http://purl.obolibrary.org/obo/CHEBI_47909
http://purl.obolibrary.org/obo/CHEBI_3001,http://purl.obolibrary.org/obo/CHEBI_50858
http://purl.obolibrary.org/obo/CHEBI_3001,http://purl.obolibrary.org/obo/CHEBI_36885
http://purl.obolibrary.org/obo/CHEBI_3001,http://purl.obolibrary.org/obo/CHEBI_51689
http://purl.obolibrary.org/obo/CHEBI_46895,http://purl.obolibrary.org/obo/CHEBI_18059
http://purl.obolibrary.org/obo/CHEBI_46895,http://purl.obolibrary.org/obo/CHEBI_16670
http://purl.obolibrary.org/obo/CHEBI_46746,http://purl.obolibrary.org/obo/CHEBI_38101
http://purl.obolibrary.org/obo/CHEBI_46746,http://purl.obolibrary.org/obo/CHEBI_27171
http://purl.obolibrary.org/obo/CHEBI_36785,http://purl.obolibrary.org/obo/CHEBI_33636
http://purl.obolibrary.org/obo/CHEBI_36785,http://purl.obolibrary.org/obo/CHEBI_35294
http://purl.obolibrary.org/obo/CHEBI_4514,http://purl.obolibrary.org/obo/CHEBI_33308
http://purl.obolibrary.org/obo/CHEBI_4514,http://purl.obolibrary.org/obo/CHEBI_32876
http://purl.obolibrary.org/obo/CHEBI_25094,http://purl.obolibrary.org/obo/CHEBI_33704
http://purl.obolibrary.org/obo/CHEBI_25094,http://purl.obolibrary.org/obo/CHEBI_35987
http://purl.obolibrary.org/obo/CHEBI_26385,http://purl.obolibrary.org/obo/CHEBI_22315
http://purl.obolibrary.org/obo/CHEBI_26385,http://purl.obolibrary.org/obo/CHEBI_26401
http://purl.obolibrary.org/obo/CHEBI_25741,http://purl.obolibrary.org/obo/CHEBI_37577
http://purl.obolibrary.org/obo/CHEBI_25741,http://purl.obolibrary.org/obo/CHEBI_25806
http://purl.obolibrary.org/obo/CHEBI_33273,http://purl.obolibrary.org/obo/CHEBI_22563
http://purl.obolibrary.org/obo/CHEBI_33273,http://purl.obolibrary.org/obo/CHEBI_36358
http://purl.obolibrary.org/obo/CHEBI_3175,http://purl.obolibrary.org/obo/CHEBI_32863
http://purl.obolibrary.org/obo/CHEBI_3175,http://purl.obolibrary.org/obo/CHEBI_24780
http://purl.obolibrary.org/obo/CHEBI_3175,http://purl.obolibrary.org/obo/CHEBI_38771
http://purl.obolibrary.org/obo/CHEBI_45652,http://purl.obolibrary.org/obo/CHEBI_36181
http://purl.obolibrary.org/obo/CHEBI_45652,http://purl.obolibrary.org/obo/CHEBI_35287
http://purl.obolibrary.org/obo/CHEBI_45652,http://purl.obolibrary.org/obo/CHEBI_35267
http://purl.obolibrary.org/obo/CHEBI_5775,http://purl.obolibrary.org/obo/CHEBI_52362
http://purl.obolibrary.org/obo/CHEBI_5775,http://purl.obolibrary.org/obo/CHEBI_38768
http://purl.obolibrary.org/obo/CHEBI_5775,http://purl.obolibrary.org/obo/CHEBI_50893
http://purl.obolibrary.org/obo/CHEBI_5775,http://purl.obolibrary.org/obo/CHEBI_24631
http://purl.obolibrary.org/obo/CHEBI_26819,http://purl.obolibrary.org/obo/CHEBI_37826
http://purl.obolibrary.org/obo/CHEBI_26819,http://purl.obolibrary.org/obo/CHEBI_35701
http://purl.obolibrary.org/obo/CHEBI_16709,http://purl.obolibrary.org/obo/CHEBI_25340
http://purl.obolibrary.org/obo/CHEBI_16709,http://purl.obolibrary.org/obo/CHEBI_38196
http://purl.obolibrary.org/obo/CHEBI_16709,http://purl.obolibrary.org/obo/CHEBI_27306
http://purl.obolibrary.org/obo/CHEBI_16709,http://purl.obolibrary.org/obo/CHEBI_38182
http://purl.obolibrary.org/obo/CHEBI_27375,http://purl.obolibrary.org/obo/CHEBI_27288
http://purl.obolibrary.org/obo/CHEBI_27375,http://purl.obolibrary.org/obo/CHEBI_38482
http://purl.obolibrary.org/obo/CHEBI_7459,http://purl.obolibrary.org/obo/CHEBI_38164
http://purl.obolibrary.org/obo/CHEBI_7459,http://purl.obolibrary.org/obo/CHEBI_25418
http://purl.obolibrary.org/obo/CHEBI_38311,http://purl.obolibrary.org/obo/CHEBI_38101
http://purl.obolibrary.org/obo/CHEBI_38311,http://purl.obolibrary.org/obo/CHEBI_35627
http://purl.obolibrary.org/obo/CHEBI_38311,http://purl.obolibrary.org/obo/CHEBI_38106
http://purl.obolibrary.org/obo/CHEBI_38311,http://purl.obolibrary.org/obo/CHEBI_27171
http://purl.obolibrary.org/obo/CHEBI_38311,http://purl.obolibrary.org/obo/CHEBI_27933
http://purl.obolibrary.org/obo/CHEBI_35287,http://purl.obolibrary.org/obo/CHEBI_23213
http://purl.obolibrary.org/obo/CHEBI_35287,http://purl.obolibrary.org/obo/CHEBI_35267
http://purl.obolibrary.org/obo/CHEBI_16385,http://purl.obolibrary.org/obo/CHEBI_33261
http://purl.obolibrary.org/obo/CHEBI_16385,http://purl.obolibrary.org/obo/CHEBI_26822
http://purl.obolibrary.org/obo/CHEBI_47780,http://purl.obolibrary.org/obo/CHEBI_47804
http://purl.obolibrary.org/obo/CHEBI_47780,http://purl.obolibrary.org/obo/CHEBI_36809
http://purl.obolibrary.org/obo/CHEBI_22390,http://purl.obolibrary.org/obo/CHEBI_60979
http://purl.obolibrary.org/obo/CHEBI_22390,http://purl.obolibrary.org/obo/CHEBI_35436
http://purl.obolibrary.org/obo/CHEBI_23367,http://purl.obolibrary.org/obo/BFO_0000030
http://purl.obolibrary.org/obo/CHEBI_23367,http://purl.obolibrary.org/obo/CHEBI_24431
http://purl.obolibrary.org/obo/CHEBI_26714,http://purl.obolibrary.org/obo/CHEBI_35479
http://purl.obolibrary.org/obo/CHEBI_26714,http://purl.obolibrary.org/obo/CHEBI_26712
http://purl.obolibrary.org/obo/CHEBI_35724,http://purl.obolibrary.org/obo/CHEBI_25704
http://purl.obolibrary.org/obo/CHEBI_35724,http://purl.obolibrary.org/obo/CHEBI_63299
http://purl.obolibrary.org/obo/CHEBI_35724,http://purl.obolibrary.org/obo/CHEBI_26819
http://purl.obolibrary.org/obo/CHEBI_38313,http://purl.obolibrary.org/obo/CHEBI_25693
http://purl.obolibrary.org/obo/CHEBI_38313,http://purl.obolibrary.org/obo/CHEBI_38101
http://purl.obolibrary.org/obo/CHEBI_127780,http://purl.obolibrary.org/obo/CHEBI_33575
http://purl.obolibrary.org/obo/CHEBI_127780,http://purl.obolibrary.org/obo/CHEBI_26069
http://purl.obolibrary.org/obo/CHEBI_15365,http://purl.obolibrary.org/obo/CHEBI_47622
http://purl.obolibrary.org/obo/CHEBI_15365,http://purl.obolibrary.org/obo/CHEBI_22723
http://purl.obolibrary.org/obo/CHEBI_9654,http://purl.obolibrary.org/obo/CHEBI_36588
http://purl.obolibrary.org/obo/CHEBI_9654,http://purl.obolibrary.org/obo/CHEBI_46848
http://purl.obolibrary.org/obo/CHEBI_9654,http://purl.obolibrary.org/obo/CHEBI_46845
http://purl.obolibrary.org/obo/CHEBI_9654,http://purl.obolibrary.org/obo/CHEBI_46746
http://purl.obolibrary.org/obo/CHEBI_47909,http://purl.obolibrary.org/obo/CHEBI_47788
http://purl.obolibrary.org/obo/CHEBI_47909,http://purl.obolibrary.org/obo/CHEBI_51689
http://purl.obolibrary.org/obo/CHEBI_35992,http://purl.obolibrary.org/obo/CHEBI_38101
http://purl.obolibrary.org/obo/CHEBI_35992,http://purl.obolibrary.org/obo/CHEBI_38106
http://purl.obolibrary.org/obo/CHEBI_35992,http://purl.obolibrary.org/obo/CHEBI_27171
http://purl.obolibrary.org/obo/CHEBI_35992,http://purl.obolibrary.org/obo/CHEBI_27933
http://purl.obolibrary.org/obo/CHEBI_25558,http://purl.obolibrary.org/obo/CHEBI_38101
http://purl.obolibrary.org/obo/CHEBI_25558,http://purl.obolibrary.org/obo/CHEBI_24531
http://purl.obolibrary.org/obo/CHEBI_18274,http://purl.obolibrary.org/obo/CHEBI_23636
http://purl.obolibrary.org/obo/CHEBI_18274,http://purl.obolibrary.org/obo/CHEBI_47018
http://purl.obolibrary.org/obo/CHEBI_24995,http://purl.obolibrary.org/obo/CHEBI_36588
http://purl.obolibrary.org/obo/CHEBI_24995,http://purl.obolibrary.org/obo/CHEBI_23443
http://purl.obolibrary.org/obo/CHEBI_24995,http://purl.obolibrary.org/obo/CHEBI_38101
http://purl.obolibrary.org/obo/CHEBI_26580,http://purl.obolibrary.org/obo/CHEBI_22565
http://purl.obolibrary.org/obo/CHEBI_26580,http://purl.obolibrary.org/obo/CHEBI_39270
http://purl.obolibrary.org/obo/CHEBI_22888,http://purl.obolibrary.org/obo/CHEBI_64459
http://purl.obolibrary.org/obo/CHEBI_22888,http://purl.obolibrary.org/obo/CHEBI_33836
http://purl.obolibrary.org/obo/CHEBI_38958,http://purl.obolibrary.org/obo/CHEBI_22315
http://purl.obolibrary.org/obo/CHEBI_38958,http://purl.obolibrary.org/obo/CHEBI_24828
http://purl.obolibrary.org/obo/CHEBI_46955,http://purl.obolibrary.org/obo/CHEBI_51269
http://purl.obolibrary.org/obo/CHEBI_46955,http://purl.obolibrary.org/obo/CHEBI_38032
http://purl.obolibrary.org/obo/CHEBI_26509,http://purl.obolibrary.org/obo/CHEBI_22315
http://purl.obolibrary.org/obo/CHEBI_26509,http://purl.obolibrary.org/obo/CHEBI_26513
http://purl.obolibrary.org/obo/CHEBI_6343,http://purl.obolibrary.org/obo/CHEBI_32863
http://purl.obolibrary.org/obo/CHEBI_6343,http://purl.obolibrary.org/obo/CHEBI_22702
http://purl.obolibrary.org/obo/CHEBI_2668,http://purl.obolibrary.org/obo/CHEBI_36683
http://purl.obolibrary.org/obo/CHEBI_2668,http://purl.obolibrary.org/obo/CHEBI_50075
http://purl.obolibrary.org/obo/CHEBI_37578,http://purl.obolibrary.org/obo/CHEBI_24471
http://purl.obolibrary.org/obo/CHEBI_37578,http://purl.obolibrary.org/obo/CHEBI_37577
http://purl.obolibrary.org/obo/CHEBI_38106,http://purl.obolibrary.org/obo/CHEBI_33261
http://purl.obolibrary.org/obo/CHEBI_38106,http://purl.obolibrary.org/obo/CHEBI_24532
http://purl.obolibrary.org/obo/CHEBI_24913,http://purl.obolibrary.org/obo/CHEBI_18059
http://purl.obolibrary.org/obo/CHEBI_24913,http://purl.obolibrary.org/obo/CHEBI_50860
http://purl.obolibrary.org/obo/CHEBI_35868,http://purl.obolibrary.org/obo/CHEBI_25384
http://purl.obolibrary.org/obo/CHEBI_35868,http://purl.obolibrary.org/obo/CHEBI_24669
http://purl.obolibrary.org/obo/CHEBI_39548,http://purl.obolibrary.org/obo/CHEBI_26455
http://purl.obolibrary.org/obo/CHEBI_39548,http://purl.obolibrary.org/obo/CHEBI_35972
http://purl.obolibrary.org/obo/CHEBI_26144,http://purl.obolibrary.org/obo/CHEBI_25693
http://purl.obolibrary.org/obo/CHEBI_26144,http://purl.obolibrary.org/obo/CHEBI_38101
http://purl.obolibrary.org/obo/CHEBI_33694,http://purl.obolibrary.org/obo/CHEBI_33839
http://purl.obolibrary.org/obo/CHEBI_33694,http://purl.obolibrary.org/obo/CHEBI_50860
http://purl.obolibrary.org/obo/CHEBI_3127,http://purl.obolibrary.org/obo/CHEBI_32863
http://purl.obolibrary.org/obo/CHEBI_3127,http://purl.obolibrary.org/obo/CHEBI_35681
http://purl.obolibrary.org/obo/CHEBI_5790,http://purl.obolibrary.org/obo/CHEBI_38164
http://purl.obolibrary.org/obo/CHEBI_5790,http://purl.obolibrary.org/obo/CHEBI_25418
http://purl.obolibrary.org/obo/CHEBI_29067,http://purl.obolibrary.org/obo/CHEBI_35406
http://purl.obolibrary.org/obo/CHEBI_29067,http://purl.obolibrary.org/obo/CHEBI_25696
http://purl.obolibrary.org/obo/CHEBI_25696,http://purl.obolibrary.org/obo/CHEBI_22563
http://purl.obolibrary.org/obo/CHEBI_25696,http://purl.obolibrary.org/obo/CHEBI_25699
http://purl.obolibrary.org/obo/CHEBI_4885,http://purl.obolibrary.org/obo/CHEBI_26421
http://purl.obolibrary.org/obo/CHEBI_4885,http://purl.obolibrary.org/obo/CHEBI_47956
http://purl.obolibrary.org/obo/CHEBI_46668,http://purl.obolibrary.org/obo/CHEBI_33308
http://purl.obolibrary.org/obo/CHEBI_46668,http://purl.obolibrary.org/obo/CHEBI_25359
http://purl.obolibrary.org/obo/CHEBI_47381,http://purl.obolibrary.org/obo/CHEBI_25384
http://purl.obolibrary.org/obo/CHEBI_47381,http://purl.obolibrary.org/obo/CHEBI_36683
http://purl.obolibrary.org/obo/CHEBI_36358,http://purl.obolibrary.org/obo/CHEBI_36357
http://purl.obolibrary.org/obo/CHEBI_36358,http://purl.obolibrary.org/obo/CHEBI_24870
http://purl.obolibrary.org/obo/CHEBI_22715,http://purl.obolibrary.org/obo/CHEBI_38101
http://purl.obolibrary.org/obo/CHEBI_22715,http://purl.obolibrary.org/obo/CHEBI_27171
http://purl.obolibrary.org/obo/CHEBI_22727,http://purl.obolibrary.org/obo/CHEBI_38104
http://purl.obolibrary.org/obo/CHEBI_22727,http://purl.obolibrary.org/obo/CHEBI_27171
http://purl.obolibrary.org/obo/CHEBI_51209,http://purl.obolibrary.org/obo/CHEBI_32863
http://purl.obolibrary.org/obo/CHEBI_51209,http://purl.obolibrary.org/obo/CHEBI_35681
http://purl.obolibrary.org/obo/CHEBI_27171,http://purl.obolibrary.org/obo/CHEBI_24532
http://purl.obolibrary.org/obo/CHEBI_27171,http://purl.obolibrary.org/obo/CHEBI_33672
http://purl.obolibrary.org/obo/CHEBI_33567,http://purl.obolibrary.org/obo/CHEBI_64365
http://purl.obolibrary.org/obo/CHEBI_33567,http://purl.obolibrary.org/obo/CHEBI_25375
http://purl.obolibrary.org/obo/CHEBI_33567,http://purl.obolibrary.org/obo/CHEBI_33566
http://purl.obolibrary.org/obo/CHEBI_35359,http://purl.obolibrary.org/obo/CHEBI_35352
http://purl.obolibrary.org/obo/CHEBI_35359,http://purl.obolibrary.org/obo/CHEBI_2634
http://purl.obolibrary.org/obo/CHEBI_51141,http://purl.obolibrary.org/obo/CHEBI_38530
http://purl.obolibrary.org/obo/CHEBI_51141,http://purl.obolibrary.org/obo/CHEBI_29347
http://purl.obolibrary.org/obo/CHEBI_51141,http://purl.obolibrary.org/obo/CHEBI_47017
http://purl.obolibrary.org/obo/CHEBI_50893,http://purl.obolibrary.org/obo/CHEBI_38101
http://purl.obolibrary.org/obo/CHEBI_50893,http://purl.obolibrary.org/obo/CHEBI_33833
http://purl.obolibrary.org/obo/CHEBI_24395,http://purl.obolibrary.org/obo/CHEBI_24396
http://purl.obolibrary.org/obo/CHEBI_24395,http://purl.obolibrary.org/obo/CHEBI_25903
http://purl.obolibrary.org/obo/CHEBI_36963,http://purl.obolibrary.org/obo/CHEBI_36962
http://purl.obolibrary.org/obo/CHEBI_36963,http://purl.obolibrary.org/obo/CHEBI_25806
http://purl.obolibrary.org/obo/CHEBI_58956,http://purl.obolibrary.org/obo/CHEBI_58953
http://purl.obolibrary.org/obo/CHEBI_58956,http://purl.obolibrary.org/obo/CHEBI_58955
http://purl.obolibrary.org/obo/CHEBI_35267,http://purl.obolibrary.org/obo/CHEBI_35274
http://purl.obolibrary.org/obo/CHEBI_35267,http://purl.obolibrary.org/obo/CHEBI_26469
http://purl.obolibrary.org/obo/CHEBI_26979,http://purl.obolibrary.org/obo/CHEBI_51959
http://purl.obolibrary.org/obo/CHEBI_26979,http://purl.obolibrary.org/obo/CHEBI_38166
http://purl.obolibrary.org/obo/CHEBI_26979,http://purl.obolibrary.org/obo/CHEBI_36688
http://purl.obolibrary.org/obo/CHEBI_37142,http://purl.obolibrary.org/obo/CHEBI_36684
http://purl.obolibrary.org/obo/CHEBI_37142,http://purl.obolibrary.org/obo/CHEBI_24860
http://purl.obolibrary.org/obo/CHEBI_22478,http://purl.obolibrary.org/obo/CHEBI_50047
http://purl.obolibrary.org/obo/CHEBI_22478,http://purl.obolibrary.org/obo/CHEBI_30879
http://purl.obolibrary.org/obo/CHEBI_36962,http://purl.obolibrary.org/obo/CHEBI_33304
http://purl.obolibrary.org/obo/CHEBI_36962,http://purl.obolibrary.org/obo/CHEBI_33285
http://purl.obolibrary.org/obo/CHEBI_46195,http://purl.obolibrary.org/obo/CHEBI_22160
http://purl.obolibrary.org/obo/CHEBI_46195,http://purl.obolibrary.org/obo/CHEBI_33853
http://purl.obolibrary.org/obo/CHEBI_204928,http://purl.obolibrary.org/obo/CHEBI_38418
http://purl.obolibrary.org/obo/CHEBI_204928,http://purl.obolibrary.org/obo/CHEBI_23066
http://purl.obolibrary.org/obo/CHEBI_204928,http://purl.obolibrary.org/obo/CHEBI_36816
http://purl.obolibrary.org/obo/CHEBI_19255,http://purl.obolibrary.org/obo/CHEBI_26440
http://purl.obolibrary.org/obo/CHEBI_19255,http://purl.obolibrary.org/obo/CHEBI_18274
http://purl.obolibrary.org/obo/CHEBI_22580,http://purl.obolibrary.org/obo/CHEBI_46955
http://purl.obolibrary.org/obo/CHEBI_22580,http://purl.obolibrary.org/obo/CHEBI_51285
http://purl.obolibrary.org/obo/CHEBI_26512,http://purl.obolibrary.org/obo/CHEBI_25384
http://purl.obolibrary.org/obo/CHEBI_26512,http://purl.obolibrary.org/obo/CHEBI_26513
http://purl.obolibrary.org/obo/CHEBI_33890,http://purl.obolibrary.org/obo/CHEBI_33861
http://purl.obolibrary.org/obo/CHEBI_33890,http://purl.obolibrary.org/obo/CHEBI_33888
http://purl.obolibrary.org/obo/CHEBI_50047,http://purl.obolibrary.org/obo/CHEBI_35352
http://purl.obolibrary.org/obo/CHEBI_50047,http://purl.obolibrary.org/obo/CHEBI_50860
http://purl.obolibrary.org/obo/CHEBI_4657,http://purl.obolibrary.org/obo/CHEBI_26421
http://purl.obolibrary.org/obo/CHEBI_4657,http://purl.obolibrary.org/obo/CHEBI_32876
http://purl.obolibrary.org/obo/CHEBI_4657,http://purl.obolibrary.org/obo/CHEBI_29347
http://purl.obolibrary.org/obo/CHEBI_24532,http://purl.obolibrary.org/obo/CHEBI_33285
http://purl.obolibrary.org/obo/CHEBI_24532,http://purl.obolibrary.org/obo/CHEBI_33832
http://purl.obolibrary.org/obo/CHEBI_24532,http://purl.obolibrary.org/obo/CHEBI_5686
http://purl.obolibrary.org/obo/CHEBI_39270,http://purl.obolibrary.org/obo/CHEBI_38104
http://purl.obolibrary.org/obo/CHEBI_39270,http://purl.obolibrary.org/obo/CHEBI_26979
http://purl.obolibrary.org/obo/CHEBI_26895,http://purl.obolibrary.org/obo/CHEBI_25480
http://purl.obolibrary.org/obo/CHEBI_26895,http://purl.obolibrary.org/obo/CHEBI_26188
http://purl.obolibrary.org/obo/CHEBI_50694,http://purl.obolibrary.org/obo/CHEBI_26895
http://purl.obolibrary.org/obo/CHEBI_50694,http://purl.obolibrary.org/obo/CHEBI_48132
http://purl.obolibrary.org/obo/CHEBI_33551,http://purl.obolibrary.org/obo/CHEBI_33261
http://purl.obolibrary.org/obo/CHEBI_33551,http://purl.obolibrary.org/obo/CHEBI_33552
http://purl.obolibrary.org/obo/CHEBI_45081,http://purl.obolibrary.org/obo/CHEBI_35359
http://purl.obolibrary.org/obo/CHEBI_45081,http://purl.obolibrary.org/obo/CHEBI_46786
http://purl.obolibrary.org/obo/CHEBI_38700,http://purl.obolibrary.org/obo/CHEBI_26714
http://purl.obolibrary.org/obo/CHEBI_38700,http://purl.obolibrary.org/obo/CHEBI_24868
http://purl.obolibrary.org/obo/CHEBI_33833,http://purl.obolibrary.org/obo/CHEBI_33659
http://purl.obolibrary.org/obo/CHEBI_33833,http://purl.obolibrary.org/obo/CHEBI_24532
http://purl.obolibrary.org/obo/CHEBI_51285,http://purl.obolibrary.org/obo/CHEBI_51269
http://purl.obolibrary.org/obo/CHEBI_51285,http://purl.obolibrary.org/obo/CHEBI_36141
http://purl.obolibrary.org/obo/CHEBI_48420,http://purl.obolibrary.org/obo/CHEBI_35689
http://purl.obolibrary.org/obo/CHEBI_48420,http://purl.obolibrary.org/obo/CHEBI_22888
http://purl.obolibrary.org/obo/CHEBI_3723,http://purl.obolibrary.org/obo/CHEBI_18379
http://purl.obolibrary.org/obo/CHEBI_3723,http://purl.obolibrary.org/obo/CHEBI_38831
http://purl.obolibrary.org/obo/CHEBI_3723,http://purl.obolibrary.org/obo/CHEBI_37143
http://purl.obolibrary.org/obo/CHEBI_35350,http://purl.obolibrary.org/obo/CHEBI_30879
http://purl.obolibrary.org/obo/CHEBI_35350,http://purl.obolibrary.org/obo/CHEBI_35341
http://purl.obolibrary.org/obo/CHEBI_23677,http://purl.obolibrary.org/obo/CHEBI_25693
http://purl.obolibrary.org/obo/CHEBI_23677,http://purl.obolibrary.org/obo/CHEBI_38101
http://purl.obolibrary.org/obo/CHEBI_33672,http://purl.obolibrary.org/obo/CHEBI_33636
http://purl.obolibrary.org/obo/CHEBI_33672,http://purl.obolibrary.org/obo/CHEBI_5686
http://purl.obolibrary.org/obo/CHEBI_16796,http://purl.obolibrary.org/obo/CHEBI_22160
http://purl.obolibrary.org/obo/CHEBI_16796,http://purl.obolibrary.org/obo/CHEBI_27162
http://purl.obolibrary.org/obo/CHEBI_35624,http://purl.obolibrary.org/obo/CHEBI_38101
http://purl.obolibrary.org/obo/CHEBI_35624,http://purl.obolibrary.org/obo/CHEBI_33599
http://purl.obolibrary.org/obo/CHEBI_28748,http://purl.obolibrary.org/obo/CHEBI_36141
http://purl.obolibrary.org/obo/CHEBI_28748,http://purl.obolibrary.org/obo/CHEBI_49322
http://purl.obolibrary.org/obo/CHEBI_28748,http://purl.obolibrary.org/obo/CHEBI_35315
http://purl.obolibrary.org/obo/CHEBI_28748,http://purl.obolibrary.org/obo/CHEBI_48120
http://purl.obolibrary.org/obo/CHEBI_28748,http://purl.obolibrary.org/obo/CHEBI_47779
http://purl.obolibrary.org/obo/CHEBI_28971,http://purl.obolibrary.org/obo/CHEBI_17334
http://purl.obolibrary.org/obo/CHEBI_28971,http://purl.obolibrary.org/obo/CHEBI_27933
http://purl.obolibrary.org/obo/CHEBI_17303,http://purl.obolibrary.org/obo/CHEBI_38164
http://purl.obolibrary.org/obo/CHEBI_17303,http://purl.obolibrary.org/obo/CHEBI_25418
http://purl.obolibrary.org/obo/CHEBI_16962,http://purl.obolibrary.org/obo/CHEBI_61313
http://purl.obolibrary.org/obo/CHEBI_16962,http://purl.obolibrary.org/obo/CHEBI_47788
http://purl.obolibrary.org/obo/CHEBI_16962,http://purl.obolibrary.org/obo/CHEBI_47787
http://purl.obolibrary.org/obo/CHEBI_16962,http://purl.obolibrary.org/obo/CHEBI_24261
http://purl.obolibrary.org/obo/CHEBI_16962,http://purl.obolibrary.org/obo/CHEBI_35342
http://purl.obolibrary.org/obo/CHEBI_16962,http://purl.obolibrary.org/obo/CHEBI_35344
http://purl.obolibrary.org/obo/CHEBI_16962,http://purl.obolibrary.org/obo/CHEBI_36885
http://purl.obolibrary.org/obo/CHEBI_3011,http://purl.obolibrary.org/obo/CHEBI_35676
http://purl.obolibrary.org/obo/CHEBI_3011,http://purl.obolibrary.org/obo/CHEBI_36244
http://purl.obolibrary.org/obo/CHEBI_9588,http://purl.obolibrary.org/obo/CHEBI_36683
http://purl.obolibrary.org/obo/CHEBI_9588,http://purl.obolibrary.org/obo/CHEBI_37942
http://purl.obolibrary.org/obo/CHEBI_16670,http://purl.obolibrary.org/obo/CHEBI_37622
http://purl.obolibrary.org/obo/CHEBI_16670,http://purl.obolibrary.org/obo/CHEBI_50047
http://purl.obolibrary.org/obo/CHEBI_9123,http://purl.obolibrary.org/obo/CHEBI_36683
http://purl.obolibrary.org/obo/CHEBI_9123,http://purl.obolibrary.org/obo/CHEBI_50995
http://purl.obolibrary.org/obo/CHEBI_9123,http://purl.obolibrary.org/obo/CHEBI_36786
http://purl.obolibrary.org/obo/CHEBI_27933,http://purl.obolibrary.org/obo/CHEBI_35627
http://purl.obolibrary.org/obo/CHEBI_27933,http://purl.obolibrary.org/obo/CHEBI_25558
http://purl.obolibrary.org/obo/CHEBI_9445,http://purl.obolibrary.org/obo/CHEBI_38530
http://purl.obolibrary.org/obo/CHEBI_9445,http://purl.obolibrary.org/obo/CHEBI_24129
http://purl.obolibrary.org/obo/CHEBI_9445,http://purl.obolibrary.org/obo/CHEBI_26144
http://purl.obolibrary.org/obo/CHEBI_9445,http://purl.obolibrary.org/obo/CHEBI_32877
http://purl.obolibrary.org/obo/CHEBI_32877,http://purl.obolibrary.org/obo/CHEBI_32952
http://purl.obolibrary.org/obo/CHEBI_32877,http://purl.obolibrary.org/obo/CHEBI_50994
http://purl.obolibrary.org/obo/CHEBI_37143,http://purl.obolibrary.org/obo/CHEBI_36684
http://purl.obolibrary.org/obo/CHEBI_37143,http://purl.obolibrary.org/obo/CHEBI_24062
http://purl.obolibrary.org/obo/CHEBI_36309,http://purl.obolibrary.org/obo/CHEBI_26932
http://purl.obolibrary.org/obo/CHEBI_36309,http://purl.obolibrary.org/obo/CHEBI_47882
http://purl.obolibrary.org/obo/CHEBI_33709,http://purl.obolibrary.org/obo/CHEBI_33575
http://purl.obolibrary.org/obo/CHEBI_33709,http://purl.obolibrary.org/obo/CHEBI_50047
http://purl.obolibrary.org/obo/CHEBI_30660,http://purl.obolibrary.org/obo/CHEBI_24864
http://purl.obolibrary.org/obo/CHEBI_30660,http://purl.obolibrary.org/obo/CHEBI_53291
http://purl.obolibrary.org/obo/CHEBI_30660,http://purl.obolibrary.org/obo/CHEBI_24863
http://purl.obolibrary.org/obo/CHEBI_33767,http://purl.obolibrary.org/obo/CHEBI_33676
http://purl.obolibrary.org/obo/CHEBI_33767,http://purl.obolibrary.org/obo/CHEBI_33497
http://purl.obolibrary.org/obo/CHEBI_46754,http://purl.obolibrary.org/obo/CHEBI_36589
http://purl.obolibrary.org/obo/CHEBI_46754,http://purl.obolibrary.org/obo/CHEBI_37622
http://purl.obolibrary.org/obo/CHEBI_59062,http://purl.obolibrary.org/obo/CHEBI_24533
http://purl.obolibrary.org/obo/CHEBI_59062,http://purl.obolibrary.org/obo/CHEBI_46895
http://purl.obolibrary.org/obo/CHEBI_22723,http://purl.obolibrary.org/obo/CHEBI_25384
http://purl.obolibrary.org/obo/CHEBI_22723,http://purl.obolibrary.org/obo/CHEBI_22712
http://purl.obolibrary.org/obo/CHEBI_6933,http://purl.obolibrary.org/obo/CHEBI_22475
http://purl.obolibrary.org/obo/CHEBI_6933,http://purl.obolibrary.org/obo/CHEBI_35681
http://purl.obolibrary.org/obo/CHEBI_33822,http://purl.obolibrary.org/obo/CHEBI_24651
http://purl.obolibrary.org/obo/CHEBI_33822,http://purl.obolibrary.org/obo/CHEBI_50860
http://purl.obolibrary.org/obo/CHEBI_38032,http://purl.obolibrary.org/obo/CHEBI_51959
http://purl.obolibrary.org/obo/CHEBI_38032,http://purl.obolibrary.org/obo/CHEBI_35294
http://purl.obolibrary.org/obo/CHEBI_4784,http://purl.obolibrary.org/obo/CHEBI_46761
http://purl.obolibrary.org/obo/CHEBI_4784,http://purl.obolibrary.org/obo/CHEBI_36244
http://purl.obolibrary.org/obo/CHEBI_35341,http://purl.obolibrary.org/obo/CHEBI_51958
http://purl.obolibrary.org/obo/CHEBI_35341,http://purl.obolibrary.org/obo/CHEBI_18059
http://purl.obolibrary.org/obo/CHEBI_47499,http://purl.obolibrary.org/obo/CHEBI_47804
http://purl.obolibrary.org/obo/CHEBI_47499,http://purl.obolibrary.org/obo/CHEBI_36809
http://purl.obolibrary.org/obo/CHEBI_6970,http://purl.obolibrary.org/obo/CHEBI_36683
http://purl.obolibrary.org/obo/CHEBI_6970,http://purl.obolibrary.org/obo/CHEBI_35346
http://purl.obolibrary.org/obo/CHEBI_6970,http://purl.obolibrary.org/obo/CHEBI_47788
http://purl.obolibrary.org/obo/CHEBI_6970,http://purl.obolibrary.org/obo/CHEBI_35342
http://purl.obolibrary.org/obo/CHEBI_35295,http://purl.obolibrary.org/obo/CHEBI_33597
http://purl.obolibrary.org/obo/CHEBI_35295,http://purl.obolibrary.org/obo/CHEBI_33635
http://purl.obolibrary.org/obo/CHEBI_37332,http://purl.obolibrary.org/obo/CHEBI_22315
http://purl.obolibrary.org/obo/CHEBI_37332,http://purl.obolibrary.org/obo/CHEBI_38295
